"nr","deso","area","pop","density"
"1","0114A0010",42.56,898,21.0996240601504
"2","0114C1010",0.56,1565,2794.64285714286
"3","0114C1020",1.08,1610,1490.74074074074
"4","0114C1030",0.84,2294,2730.95238095238
"5","0114C1040",3.8,2364,622.105263157895
"6","0114C1050",2.57,2061,801.945525291829
"7","0114C1060",1.57,3286,2092.99363057325
"8","0114C1070",1.04,1656,1592.30769230769
"9","0114C1080",0.48,2548,5308.33333333333
"10","0114C1090",0.46,3263,7093.47826086957
"11","0114C1100",1.27,1832,1442.51968503937
"12","0114C1110",1.4,2257,1612.14285714286
"13","0114C1120",0.46,2491,5415.21739130435
"14","0114C1130",0.54,2031,3761.11111111111
"15","0114C1140",5.58,3280,587.813620071685
"16","0114C1150",0.33,2789,8451.51515151515
"17","0114C1160",0.68,1922,2826.47058823529
"18","0114C1170",0.76,1685,2217.10526315789
"19","0114C1180",1.53,1087,710.457516339869
"20","0114C1190",0.48,1965,4093.75
"21","0114C1200",0.3,2838,9460
"22","0114C1210",0.64,2591,4048.4375
"23","0114C1220",6,1797,299.5
"24","0115A0010",91,2215,24.3406593406593
"25","0115A0020",84.77,1225,14.4508670520231
"26","0115A0030",82.93,1282,15.45882069215
"27","0115A0040",56.94,1476,25.9220231822972
"28","0115B2010",6.41,1418,221.216848673947
"29","0115B3010",6.5,1156,177.846153846154
"30","0115C1010",1.06,2618,2469.81132075472
"31","0115C1020",2.85,2351,824.912280701754
"32","0115C1030",0.38,1298,3415.78947368421
"33","0115C1040",1.27,2141,1685.82677165354
"34","0115C1050",5.83,2704,463.807890222985
"35","0115C1060",0.77,2289,2972.72727272727
"36","0115C1070",0.65,2403,3696.92307692308
"37","0115C1080",1.94,1426,735.051546391753
"38","0115C1090",0.3,1344,4480
"39","0115C1100",5.04,2582,512.301587301587
"40","0115C1110",1.15,1996,1735.65217391304
"41","0115C1120",2.75,1853,673.818181818182
"42","0115C1130",5.26,1299,246.958174904943
"43","0117A0010",33.6,707,21.0416666666667
"44","0117A0020",100.45,2137,21.2742658038825
"45","0117A0030",108.42,2422,22.3390518354547
"46","0117C1010",5.01,1685,336.327345309381
"47","0117C1020",3.82,1679,439.528795811518
"48","0117C1030",5.2,2645,508.653846153846
"49","0117C1040",1.63,2639,1619.01840490798
"50","0117C1050",12.14,2735,225.288303130148
"51","0117C1060",1,2698,2698
"52","0117C1070",1.27,2344,1845.66929133858
"53","0117C1080",11.38,3119,274.077328646749
"54","0117C1090",1.62,2545,1570.98765432099
"55","0117C1100",0.68,2775,4080.88235294118
"56","0117C1110",0.19,2573,13542.1052631579
"57","0117C1120",0.91,1768,1942.85714285714
"58","0117C1130",0.52,2105,4048.07692307692
"59","0117C1140",0.48,2335,4864.58333333333
"60","0117C1150",0.6,833,1388.33333333333
"61","0117C1160",6.45,2203,341.550387596899
"62","0117C1170",1.26,1943,1542.06349206349
"63","0117C1180",4.96,1432,288.709677419355
"64","0117C1190",2.84,1740,612.676056338028
"65","0117C1200",7.91,2220,280.657395701644
"66","0120A0010",247.36,2186,8.83732212160414
"67","0120C1010",20.65,1873,90.7021791767555
"68","0120C1020",22.08,1670,75.6340579710145
"69","0120C1030",6.71,1857,276.751117734724
"70","0120C1040",16.4,2411,147.012195121951
"71","0120C1050",9.41,1684,178.958554729012
"72","0120C1060",23.55,2561,108.747346072187
"73","0120C1070",3.95,812,205.569620253165
"74","0120C1080",2.14,1784,833.644859813084
"75","0120C1090",1.53,2007,1311.76470588235
"76","0120C1100",4.27,2950,690.866510538642
"77","0120C1110",3.84,3398,884.895833333333
"78","0120C1120",1.56,1947,1248.07692307692
"79","0120C1130",3.27,1851,566.05504587156
"80","0120C1140",1.25,2511,2008.8
"81","0120C1150",16.48,1551,94.1140776699029
"82","0120C1160",1.34,1693,1263.4328358209
"83","0120C1170",1.86,1513,813.440860215054
"84","0120C1180",1.4,1909,1363.57142857143
"85","0120C1190",2.5,2108,843.2
"86","0120C1200",9.1,1541,169.340659340659
"87","0120C1210",25.09,2013,80.2311677959346
"88","0120C1220",9.58,1349,140.814196242171
"89","0120C1230",8.66,1458,168.360277136259
"90","0123C1010",0.67,2361,3523.88059701493
"91","0123C1020",0.64,1936,3025
"92","0123C1030",0.88,1766,2006.81818181818
"93","0123C1040",1.24,1650,1330.64516129032
"94","0123C1050",1.07,2144,2003.73831775701
"95","0123C1060",0.95,2217,2333.68421052632
"96","0123C1070",2.57,2046,796.108949416343
"97","0123C1080",0.62,1584,2554.83870967742
"98","0123C1090",3.92,3325,848.214285714286
"99","0123C1100",0.51,2184,4282.35294117647
"100","0123C1110",2.72,2103,773.161764705882
"101","0123C1120",0.94,1814,1929.78723404255
"102","0123C1130",0.25,1497,5988
"103","0123C1140",1.23,6214,5052.0325203252
"104","0123C1150",0.29,2205,7603.44827586207
"105","0123C1160",0.18,1977,10983.3333333333
"106","0123C1170",0.04,1116,27900
"107","0123C1180",3.19,1921,602.194357366771
"108","0123C1190",0.17,1987,11688.2352941176
"109","0123C1200",1.25,1340,1072
"110","0123C1210",0.37,1952,5275.67567567568
"111","0123C1220",0.76,3799,4998.68421052632
"112","0123C1230",0.18,2451,13616.6666666667
"113","0123C1240",0.11,1837,16700
"114","0123C1250",0.14,1562,11157.1428571429
"115","0123C1260",0.3,2977,9923.33333333333
"116","0123C1270",3.93,2145,545.801526717557
"117","0123C1280",0.17,1086,6388.23529411765
"118","0123C1290",0.34,2295,6750
"119","0123C1300",0.82,2026,2470.73170731707
"120","0123C1310",1.84,1545,839.673913043478
"121","0123C1320",7.64,2689,351.96335078534
"122","0123C1330",1.89,1926,1019.04761904762
"123","0123C1340",0.97,2267,2337.11340206186
"124","0123C1350",0.17,2345,13794.1176470588
"125","0123C1360",0.33,2317,7021.21212121212
"126","0123C1370",0.37,1846,4989.18918918919
"127","0123C1380",0.29,1003,3458.62068965517
"128","0123C1390",2.93,2224,759.044368600683
"129","0123C1400",6.92,2651,383.092485549133
"130","0125A0010",28.99,976,33.6667816488444
"131","0125A0020",49.63,1592,32.0773725569212
"132","0125A0030",32.84,817,24.878197320341
"133","0125A0040",44.37,1955,44.0613026819923
"134","0125B2010",12.68,1536,121.135646687697
"135","0125B2020",4.82,2520,522.821576763485
"136","0125B2030",1.72,1196,695.348837209302
"137","0125B3010",10.12,795,78.5573122529644
"138","0125B3020",9.15,1351,147.650273224044
"139","0125C1010",1.12,1596,1425
"140","0125C1020",0.79,1408,1782.27848101266
"141","0125C1030",1.24,2223,1792.74193548387
"142","0125C1040",5,2844,568.8
"143","0125C1050",11.12,1595,143.435251798561
"144","0125C1060",0.83,1785,2150.60240963855
"145","0125C1070",1.61,2042,1268.32298136646
"146","0125C1080",1.35,2577,1908.88888888889
"147","0126A0010",47.58,1769,37.1794871794872
"148","0126C1010",7.74,2848,367.958656330749
"149","0126C1020",4.56,2960,649.122807017544
"150","0126C1030",0.1,1938,19380
"151","0126C1040",0.76,1759,2314.47368421053
"152","0126C1050",15.36,1773,115.4296875
"153","0126C1060",0.11,1802,16381.8181818182
"154","0126C1070",0.1,1363,13630
"155","0126C1080",1.99,3071,1543.21608040201
"156","0126C1090",0.94,1692,1800
"157","0126C1100",0.27,1498,5548.14814814815
"158","0126C1110",0.04,2238,55950
"159","0126C1120",2.7,1962,726.666666666667
"160","0126C1130",0.24,1919,7995.83333333333
"161","0126C1140",0.04,1751,43775
"162","0126C1150",0.71,1279,1801.40845070423
"163","0126C1160",0.16,1838,11487.5
"164","0126C1170",0.56,1917,3423.21428571429
"165","0126C1180",0.71,1492,2101.40845070423
"166","0126C1190",1.83,3216,1757.37704918033
"167","0126C1200",1.51,2165,1433.77483443709
"168","0126C1210",1.16,1864,1606.89655172414
"169","0126C1220",0.2,1978,9890
"170","0126C1230",0.27,2006,7429.62962962963
"171","0126C1240",1.47,1731,1177.55102040816
"172","0126C1250",0.49,1786,3644.89795918367
"173","0126C1260",0.96,2549,2655.20833333333
"174","0126C1270",1.17,1780,1521.36752136752
"175","0126C1280",0.47,1927,4100
"176","0126C1290",1.34,2281,1702.23880597015
"177","0126C1300",0.24,2082,8675
"178","0126C1310",7.29,3243,444.855967078189
"179","0126C1320",0.22,1764,8018.18181818182
"180","0126C1330",0.88,1812,2059.09090909091
"181","0126C1340",0.15,1350,9000
"182","0126C1350",2.43,2834,1166.25514403292
"183","0126C1360",1.01,2491,2466.33663366337
"184","0126C1370",0.45,1168,2595.55555555556
"185","0126C1380",1.03,1019,989.320388349515
"186","0126C1390",1.08,2029,1878.7037037037
"187","0126C1400",0.77,1559,2024.67532467532
"188","0126C1410",0.72,1930,2680.55555555556
"189","0126C1420",2.86,1613,563.986013986014
"190","0126C1430",0.72,1392,1933.33333333333
"191","0126C1440",0.24,1255,5229.16666666667
"192","0126C1450",0.62,1042,1680.64516129032
"193","0126C1460",1.25,2653,2122.4
"194","0126C1470",0.64,1644,2568.75
"195","0126C1480",1.39,1947,1400.71942446043
"196","0126C1490",0.95,943,992.631578947368
"197","0126C1500",0.36,1584,4400
"198","0126C1510",0.77,2196,2851.94805194805
"199","0126C1520",0.05,1181,23620
"200","0126C1530",6.62,2387,360.574018126888
"201","0126C1540",0.05,927,18540
"202","0126C1550",0.17,2509,14758.8235294118
"203","0126C1560",0.66,1839,2786.36363636364
"204","0126C1570",0.34,1578,4641.17647058824
"205","0126C1580",0.46,1723,3745.65217391304
"206","0126C1590",1.07,2074,1938.31775700935
"207","0127A0010",125.72,2083,16.5685650652243
"208","0127A0020",8.44,1751,207.464454976303
"209","0127C1010",3.51,952,271.225071225071
"210","0127C1020",2.75,1695,616.363636363636
"211","0127C1030",1.83,2711,1481.42076502732
"212","0127C1040",1.33,1789,1345.11278195489
"213","0127C1050",2.69,3621,1346.09665427509
"214","0127C1060",3.33,1741,522.822822822823
"215","0127C1070",0.9,1633,1814.44444444444
"216","0127C1080",3.94,2680,680.203045685279
"217","0127C1090",0.43,2270,5279.06976744186
"218","0127C1100",0.88,1996,2268.18181818182
"219","0127C1110",0.44,2033,4620.45454545455
"220","0127C1120",2.85,1565,549.122807017544
"221","0127C1130",0.92,1411,1533.69565217391
"222","0127C1140",0.8,1746,2182.5
"223","0127C1150",1.24,2518,2030.64516129032
"224","0127C1160",0.2,1844,9220
"225","0127C1170",1.26,2122,1684.12698412698
"226","0127C1180",3.46,3386,978.612716763006
"227","0127C1190",0.23,1863,8100
"228","0127C1200",4.17,2097,502.877697841727
"229","0127C1210",0.61,1764,2891.80327868852
"230","0127C1220",5.68,1182,208.098591549296
"231","0127C1230",0.41,1118,2726.82926829268
"232","0127C1240",1.22,1332,1091.80327868852
"233","0127C1250",1.87,2037,1089.30481283422
"234","0127C1260",0.96,1905,1984.375
"235","0127C1270",2.45,2357,962.04081632653
"236","0127C1280",1.03,1652,1603.88349514563
"237","0127C1290",0.12,2111,17591.6666666667
"238","0127C1300",0.15,1351,9006.66666666667
"239","0127C1310",0.07,1187,16957.1428571429
"240","0127C1320",0.74,2038,2754.05405405405
"241","0127C1330",0.7,1569,2241.42857142857
"242","0127C1340",0.25,2182,8728
"243","0127C1350",0.41,3249,7924.39024390244
"244","0127C1360",0.16,1985,12406.25
"245","0127C1370",0.17,1936,11388.2352941176
"246","0127C1380",0.07,1015,14500
"247","0127C1390",0.09,1357,15077.7777777778
"248","0127C1400",0.18,2127,11816.6666666667
"249","0127C1410",0.32,1996,6237.5
"250","0127C1420",0.13,1867,14361.5384615385
"251","0127C1430",0.35,2079,5940
"252","0127C1440",0.13,2311,17776.9230769231
"253","0127C1450",1.08,1294,1198.14814814815
"254","0127C1460",1.51,1657,1097.35099337748
"255","0127C1470",1.08,1944,1800
"256","0127C1480",0.8,1483,1853.75
"257","0128A0010",46.46,2071,44.5759793370641
"258","0128C1010",3.73,2859,766.487935656836
"259","0128C1020",0.63,1946,3088.88888888889
"260","0128C1030",0.6,2232,3720
"261","0128C1040",0.65,1992,3064.61538461538
"262","0128C1050",0.55,1902,3458.18181818182
"263","0128C1060",0.66,1986,3009.09090909091
"264","0128C1070",0.81,2463,3040.74074074074
"265","0136A0010",40.99,733,17.8824103439863
"266","0136A0020",255.7,2208,8.63511928040673
"267","0136A0030",43.93,1233,28.0673799226041
"268","0136B2010",11.11,1901,171.107110711071
"269","0136C1010",3.94,1529,388.071065989848
"270","0136C1020",4.7,1605,341.489361702128
"271","0136C1030",3.22,2292,711.801242236025
"272","0136C1040",2.23,2928,1313.00448430493
"273","0136C1050",2.36,2308,977.966101694915
"274","0136C1060",4.82,1715,355.809128630705
"275","0136C1070",0.29,2096,7227.58620689655
"276","0136C1080",7.65,2470,322.875816993464
"277","0136C1090",1.36,2128,1564.70588235294
"278","0136C1100",0.85,2636,3101.17647058824
"279","0136C1110",2.7,2393,886.296296296296
"280","0136C1120",0.16,2591,16193.75
"281","0136C1130",0.23,1942,8443.47826086956
"282","0136C1140",1.6,1241,775.625
"283","0136C1150",6.15,1424,231.544715447154
"284","0136C1160",1.11,2076,1870.27027027027
"285","0136C1170",0.41,2677,6529.26829268293
"286","0136C1180",1.44,1986,1379.16666666667
"287","0136C1190",0.14,1341,9578.57142857143
"288","0136C1200",0.37,2139,5781.08108108108
"289","0136C1210",0.37,1330,3594.59459459459
"290","0136C1220",0.12,1453,12108.3333333333
"291","0136C1230",1.39,2242,1612.94964028777
"292","0136C1240",0.22,1724,7836.36363636364
"293","0136C1250",0.26,2267,8719.23076923077
"294","0136C1260",0.15,2459,16393.3333333333
"295","0136C1270",0.08,1607,20087.5
"296","0136C1280",0.06,1199,19983.3333333333
"297","0136C1290",0.24,1543,6429.16666666667
"298","0136C1300",1.72,1695,985.46511627907
"299","0136C1310",4.09,5900,1442.54278728606
"300","0136C1320",0.66,2028,3072.72727272727
"301","0136C1330",0.4,1586,3965
"302","0136C1340",1.85,4622,2498.37837837838
"303","0136C1350",0.84,1398,1664.28571428571
"304","0136C1360",0.73,2135,2924.65753424658
"305","0136C1370",1.08,1917,1775
"306","0136C1380",1.92,1852,964.583333333333
"307","0136C1390",2.61,2148,822.988505747127
"308","0136C1400",1.35,2393,1772.59259259259
"309","0136C1410",2.64,1021,386.742424242424
"310","0136C1420",0.91,1556,1709.89010989011
"311","0136C1430",6.86,2096,305.539358600583
"312","0136C1440",1.05,1883,1793.33333333333
"313","0136C1450",26.17,2105,80.4356132976691
"314","0138A0010",33.9,1407,41.5044247787611
"315","0138C1010",0.85,1779,2092.94117647059
"316","0138C1020",1.24,2088,1683.87096774194
"317","0138C1030",1.06,1807,1704.71698113208
"318","0138C1040",2.39,2514,1051.88284518828
"319","0138C1050",0.77,1816,2358.44155844156
"320","0138C1060",12.24,1874,153.104575163399
"321","0138C1070",0.65,2041,3140
"322","0138C1080",0.73,2278,3120.54794520548
"323","0138C1090",0.88,2248,2554.54545454545
"324","0138C1100",0.71,1621,2283.0985915493
"325","0138C1110",1.18,2201,1865.25423728814
"326","0138C1120",0.37,2416,6529.72972972973
"327","0138C1130",0.25,2081,8324
"328","0138C1140",0.94,1706,1814.89361702128
"329","0138C1150",0.25,2697,10788
"330","0138C1160",0.3,1852,6173.33333333333
"331","0138C1170",1.3,3088,2375.38461538462
"332","0138C1180",2.47,1223,495.141700404858
"333","0138C1190",0.32,1196,3737.5
"334","0138C1200",0.34,1777,5226.47058823529
"335","0138C1210",0.27,1971,7300
"336","0138C1220",1.74,1290,741.379310344828
"337","0138C1230",1.06,1798,1696.22641509434
"338","0138C1240",0.93,1591,1710.75268817204
"339","0138C1250",1.89,813,430.15873015873
"340","0139A0010",120.06,3696,30.7846076961519
"341","0139A0020",84.41,1739,20.6018244283853
"342","0139B2010",4.36,1668,382.56880733945
"343","0139B2020",0.44,2217,5038.63636363636
"344","0139B2030",0.15,990,6600
"345","0139B2040",4.95,2350,474.747474747475
"346","0139B2050",0.27,1562,5785.18518518519
"347","0139B2060",2.43,1156,475.720164609053
"348","0139C1010",1.35,3060,2266.66666666667
"349","0139C1020",1.11,1866,1681.08108108108
"350","0139C1030",4.21,2517,597.862232779097
"351","0139C1040",2.22,2231,1004.95495495495
"352","0139C1050",2.11,3414,1618.00947867299
"353","0139C1060",2.01,2030,1009.95024875622
"354","0139C1070",5.23,1957,374.187380497132
"355","0140A0010",74.56,1433,19.2194206008584
"356","0140A0020",60.61,1782,29.4010889292196
"357","0140C1010",4.75,3020,635.789473684211
"358","0140C1020",2.66,2700,1015.03759398496
"359","0140C1030",3.39,2001,590.265486725664
"360","0140C1040",6.73,1171,173.997028231798
"361","0160C1010",1.28,2032,1587.5
"362","0160C1020",0.65,1461,2247.69230769231
"363","0160C1030",0.77,1645,2136.36363636364
"364","0160C1040",1.04,1840,1769.23076923077
"365","0160C1050",1.01,2817,2789.10891089109
"366","0160C1060",0.19,1740,9157.8947368421
"367","0160C1070",1.36,1982,1457.35294117647
"368","0160C1080",0.1,1368,13680
"369","0160C1090",0.66,2283,3459.09090909091
"370","0160C1100",0.24,1326,5525
"371","0160C1110",0.59,1491,2527.1186440678
"372","0160C1120",0.78,1864,2389.74358974359
"373","0160C1130",0.81,1257,1551.85185185185
"374","0160C1140",0.98,5095,5198.97959183673
"375","0160C1150",0.48,2542,5295.83333333333
"376","0160C1160",0.8,2367,2958.75
"377","0160C1170",0.91,2244,2465.93406593407
"378","0160C1180",0.69,1352,1959.42028985507
"379","0160C1190",0.31,1232,3974.1935483871
"380","0160C1200",0.52,1806,3473.07692307692
"381","0160C1210",1.07,2581,2412.14953271028
"382","0160C1220",0.27,2072,7674.07407407407
"383","0160C1230",0.28,1910,6821.42857142857
"384","0160C1240",1.05,1940,1847.61904761905
"385","0160C1250",0.76,1944,2557.89473684211
"386","0160C1260",1.91,2041,1068.58638743456
"387","0160C1270",5.72,1792,313.286713286713
"388","0160C1280",0.87,1741,2001.14942528736
"389","0160C1290",0.37,1411,3813.51351351351
"390","0160C1300",0.75,2455,3273.33333333333
"391","0160C1310",0.56,1435,2562.5
"392","0160C1320",8.54,1959,229.391100702576
"393","0160C1330",3.35,1540,459.701492537313
"394","0160C1340",14.04,3987,283.974358974359
"395","0160C1350",4.49,1710,380.846325167038
"396","0160C1360",0.64,2102,3284.375
"397","0160C1370",1.07,2421,2262.61682242991
"398","0160C1380",0.78,1953,2503.84615384615
"399","0162C1010",1.29,1816,1407.7519379845
"400","0162C1020",0.84,1722,2050
"401","0162C1030",0.97,1386,1428.86597938144
"402","0162C1040",0.23,1443,6273.91304347826
"403","0162C1050",1.14,1651,1448.24561403509
"404","0162C1060",0.3,1067,3556.66666666667
"405","0162C1070",1.09,1577,1446.78899082569
"406","0162C1080",1.09,1322,1212.84403669725
"407","0162C1090",0.4,1629,4072.5
"408","0162C1100",1.51,1598,1058.27814569536
"409","0162C1110",0.92,1852,2013.04347826087
"410","0162C1120",1.59,1554,977.358490566038
"411","0162C1130",1.11,1750,1576.57657657658
"412","0162C1140",1.01,2077,2056.43564356436
"413","0162C1150",2.05,1407,686.341463414634
"414","0162C1160",3.16,1598,505.696202531646
"415","0162C1170",1.4,1627,1162.14285714286
"416","0162C1180",3.15,1819,577.460317460317
"417","0162C1190",2.29,1751,764.628820960699
"418","0162C1200",0.82,1773,2162.19512195122
"419","0163C1010",1.22,3152,2583.60655737705
"420","0163C1020",1.45,2107,1453.10344827586
"421","0163C1030",0.12,1772,14766.6666666667
"422","0163C1040",0.83,2096,2525.30120481928
"423","0163C1050",0.97,1939,1998.96907216495
"424","0163C1060",0.61,2062,3380.32786885246
"425","0163C1070",0.71,2052,2890.14084507042
"426","0163C1080",0.64,1376,2150
"427","0163C1090",0.12,1117,9308.33333333333
"428","0163C1100",0.14,1945,13892.8571428571
"429","0163C1110",1.43,1863,1302.7972027972
"430","0163C1120",0.06,1683,28050
"431","0163C1130",0.72,1395,1937.5
"432","0163C1140",1.25,2639,2111.2
"433","0163C1150",0.28,1947,6953.57142857143
"434","0163C1160",0.15,1863,12420
"435","0163C1170",0.28,1662,5935.71428571429
"436","0163C1180",0.36,1873,5202.77777777778
"437","0163C1190",1.27,1583,1246.45669291339
"438","0163C1200",0.54,1859,3442.59259259259
"439","0163C1210",0.84,2175,2589.28571428571
"440","0163C1220",0.92,2689,2922.82608695652
"441","0163C1230",0.63,1400,2222.22222222222
"442","0163C1240",1,2310,2310
"443","0163C1250",0.17,1890,11117.6470588235
"444","0163C1260",0.16,2099,13118.75
"445","0163C1270",0.26,1979,7611.53846153846
"446","0163C1280",10.95,1773,161.917808219178
"447","0163C1290",1.29,2538,1967.44186046512
"448","0163C1300",1.19,1931,1622.68907563025
"449","0163C1310",9.64,3850,399.377593360996
"450","0163C1320",1.48,1609,1087.16216216216
"451","0163C1330",0.96,1661,1730.20833333333
"452","0163C1340",2.39,2052,858.577405857741
"453","0163C1350",0.42,1582,3766.66666666667
"454","0163C1360",0.59,1635,2771.18644067797
"455","0163C1370",0.86,1572,1827.90697674419
"456","0163C1380",3.71,1852,499.191374663073
"457","0163C1390",0.83,920,1108.43373493976
"458","0163C1400",1.14,1288,1129.82456140351
"459","0180C1010",0.49,1829,3732.65306122449
"460","0180C1020",0.2,1800,9000
"461","0180C1030",1.37,1902,1388.32116788321
"462","0180C1040",0.2,2473,12365
"463","0180C1050",1.22,2627,2153.27868852459
"464","0180C1060",0.31,2018,6509.67741935484
"465","0180C1070",0.11,1349,12263.6363636364
"466","0180C1080",0.09,1524,16933.3333333333
"467","0180C1090",0.13,1607,12361.5384615385
"468","0180C1100",0.48,3182,6629.16666666667
"469","0180C1110",0.69,2219,3215.94202898551
"470","0180C1120",0.15,1439,9593.33333333333
"471","0180C1130",0.39,1391,3566.66666666667
"472","0180C1140",0.31,1586,5116.12903225806
"473","0180C1150",1.58,1409,891.772151898734
"474","0180C1160",0.78,1698,2176.92307692308
"475","0180C1170",0.33,2172,6581.81818181818
"476","0180C1180",0.28,1638,5850
"477","0180C1190",2.51,1905,758.964143426295
"478","0180C1200",0.15,1515,10100
"479","0180C1210",5.26,1970,374.524714828897
"480","0180C1220",0.25,2347,9388
"481","0180C1230",0.15,1940,12933.3333333333
"482","0180C1240",1.18,3530,2991.52542372881
"483","0180C1250",0.23,2554,11104.347826087
"484","0180C1260",0.24,1651,6879.16666666667
"485","0180C1270",0.53,1730,3264.15094339623
"486","0180C1280",0.23,1752,7617.39130434783
"487","0180C1290",0.41,2051,5002.43902439024
"488","0180C1300",0.16,1292,8075
"489","0180C1310",0.14,1874,13385.7142857143
"490","0180C1320",1.24,2154,1737.09677419355
"491","0180C1330",0.25,1964,7856
"492","0180C1340",0.29,1949,6720.68965517241
"493","0180C1350",0.5,2113,4226
"494","0180C1360",0.1,1929,19290
"495","0180C1370",0.14,2026,14471.4285714286
"496","0180C1380",0.29,1797,6196.55172413793
"497","0180C1390",0.66,1880,2848.48484848485
"498","0180C1400",0.94,1944,2068.08510638298
"499","0180C1410",0.17,2074,12200
"500","0180C1420",0.51,1245,2441.17647058824
"501","0180C1430",0.6,1545,2575
"502","0180C1440",0.33,1857,5627.27272727273
"503","0180C1450",0.19,2385,12552.6315789474
"504","0180C1460",0.11,2120,19272.7272727273
"505","0180C1470",0.16,1960,12250
"506","0180C1480",0.18,1592,8844.44444444445
"507","0180C1490",0.65,1590,2446.15384615385
"508","0180C1500",0.5,2158,4316
"509","0180C1510",0.17,1740,10235.2941176471
"510","0180C1520",0.23,1782,7747.82608695652
"511","0180C1530",0.34,2251,6620.58823529412
"512","0180C1540",0.13,1460,11230.7692307692
"513","0180C1550",0.68,2035,2992.64705882353
"514","0180C1560",0.34,2005,5897.05882352941
"515","0180C1570",0.33,1886,5715.15151515152
"516","0180C1580",0.52,1558,2996.15384615385
"517","0180C1590",0.32,3029,9465.625
"518","0180C1600",2.01,1661,826.36815920398
"519","0180C1610",0.79,2107,2667.08860759494
"520","0180C1620",0.47,1484,3157.44680851064
"521","0180C1630",0.56,1661,2966.07142857143
"522","0180C1640",0.35,1688,4822.85714285714
"523","0180C1650",0.73,1993,2730.13698630137
"524","0180C1660",0.16,1497,9356.25
"525","0180C1670",0.58,1867,3218.96551724138
"526","0180C1680",0.25,1688,6752
"527","0180C1690",1.02,1630,1598.03921568627
"528","0180C1700",0.77,2031,2637.66233766234
"529","0180C1710",0.26,2067,7950
"530","0180C1720",0.1,1775,17750
"531","0180C1730",0.14,1743,12450
"532","0180C1740",0.42,1476,3514.28571428571
"533","0180C1750",0.42,1592,3790.47619047619
"534","0180C1760",0.33,1331,4033.33333333333
"535","0180C1770",0.55,1956,3556.36363636364
"536","0180C1780",0.19,1841,9689.47368421053
"537","0180C1790",0.41,1964,4790.24390243903
"538","0180C1800",0.14,1407,10050
"539","0180C1810",0.49,1509,3079.59183673469
"540","0180C1820",0.34,2213,6508.82352941176
"541","0180C1830",0.69,2122,3075.36231884058
"542","0180C1840",0.42,1783,4245.2380952381
"543","0180C1850",1.42,1412,994.366197183099
"544","0180C1860",0.66,2372,3593.93939393939
"545","0180C1870",0.25,4143,16572
"546","0180C1880",0.66,2069,3134.84848484848
"547","0180C1890",0.46,1708,3713.04347826087
"548","0180C1900",0.18,1569,8716.66666666667
"549","0180C1910",0.31,1634,5270.96774193548
"550","0180C1920",0.44,1900,4318.18181818182
"551","0180C1930",0.63,2707,4296.8253968254
"552","0180C1940",0.25,2156,8624
"553","0180C1950",0.36,1949,5413.88888888889
"554","0180C1960",0.26,1273,4896.15384615385
"555","0180C1970",0.46,1424,3095.65217391304
"556","0180C1980",0.25,1759,7036
"557","0180C1990",0.39,1495,3833.33333333333
"558","0180C2000",0.37,1454,3929.72972972973
"559","0180C2010",0.28,2109,7532.14285714286
"560","0180C2020",0.24,1352,5633.33333333333
"561","0180C2030",0.26,2489,9573.07692307692
"562","0180C2040",0.17,1436,8447.05882352941
"563","0180C2050",0.17,1842,10835.2941176471
"564","0180C2060",0.42,1856,4419.04761904762
"565","0180C2070",0.19,2039,10731.5789473684
"566","0180C2080",0.23,1687,7334.78260869565
"567","0180C2090",0.36,1919,5330.55555555556
"568","0180C2100",0.38,1458,3836.84210526316
"569","0180C2110",0.82,3853,4698.78048780488
"570","0180C2120",0.36,1746,4850
"571","0180C2130",0.24,2067,8612.5
"572","0180C2140",0.33,2110,6393.93939393939
"573","0180C2150",0.46,2449,5323.91304347826
"574","0180C2160",0.13,1745,13423.0769230769
"575","0180C2170",0.35,1321,3774.28571428571
"576","0180C2180",0.22,1980,9000
"577","0180C2190",1.02,1667,1634.3137254902
"578","0180C2200",0.1,1457,14570
"579","0180C2210",0.07,1451,20728.5714285714
"580","0180C2220",1.83,2024,1106.01092896175
"581","0180C2230",0.41,1432,3492.68292682927
"582","0180C2240",0.37,2198,5940.54054054054
"583","0180C2250",0.36,2280,6333.33333333333
"584","0180C2260",0.12,1515,12625
"585","0180C2270",0.16,1771,11068.75
"586","0180C2280",0.22,1990,9045.45454545455
"587","0180C2290",0.39,2200,5641.02564102564
"588","0180C2300",0.76,2357,3101.31578947368
"589","0180C2310",0.22,2157,9804.54545454545
"590","0180C2320",0.22,2021,9186.36363636364
"591","0180C2330",0.23,1939,8430.4347826087
"592","0180C2340",1.59,2159,1357.86163522013
"593","0180C2350",0.49,1955,3989.79591836735
"594","0180C2360",0.14,1591,11364.2857142857
"595","0180C2370",0.19,1587,8352.63157894737
"596","0180C2380",0.36,1539,4275
"597","0180C2390",0.73,1657,2269.86301369863
"598","0180C2400",0.14,1639,11707.1428571429
"599","0180C2410",0.16,1682,10512.5
"600","0180C2420",0.22,1751,7959.09090909091
"601","0180C2430",0.17,3070,18058.8235294118
"602","0180C2440",0.21,2330,11095.2380952381
"603","0180C2450",0.22,1695,7704.54545454545
"604","0180C2460",0.23,2395,10413.0434782609
"605","0180C2470",1.34,1601,1194.77611940298
"606","0180C2480",0.15,1897,12646.6666666667
"607","0180C2490",0.2,1702,8510
"608","0180C2500",0.58,2012,3468.96551724138
"609","0180C2510",0.2,2177,10885
"610","0180C2520",0.15,1379,9193.33333333333
"611","0180C2530",0.23,1963,8534.78260869565
"612","0180C2540",0.16,2136,13350
"613","0180C2550",0.29,1871,6451.72413793104
"614","0180C2560",0.16,1664,10400
"615","0180C2570",0.12,2178,18150
"616","0180C2580",0.64,2010,3140.625
"617","0180C2590",0.17,2019,11876.4705882353
"618","0180C2600",0.54,1610,2981.48148148148
"619","0180C2610",0.27,1933,7159.25925925926
"620","0180C2620",0.29,2943,10148.275862069
"621","0180C2630",0.1,1639,16390
"622","0180C2640",0.51,1739,3409.80392156863
"623","0180C2650",0.15,1445,9633.33333333333
"624","0180C2660",0.76,1446,1902.63157894737
"625","0180C2670",0.22,1639,7450
"626","0180C2680",0.23,1866,8113.04347826087
"627","0180C2690",0.25,1758,7032
"628","0180C2700",0.25,2061,8244
"629","0180C2710",0.36,2047,5686.11111111111
"630","0180C2720",0.08,1589,19862.5
"631","0180C2730",0.1,1843,18430
"632","0180C2740",0.21,1750,8333.33333333333
"633","0180C2750",0.37,1813,4900
"634","0180C2760",0.16,1480,9250
"635","0180C2770",0.18,1983,11016.6666666667
"636","0180C2780",0.43,3748,8716.27906976744
"637","0180C2790",0.18,1954,10855.5555555556
"638","0180C2800",0.62,1911,3082.25806451613
"639","0180C2810",0.13,2078,15984.6153846154
"640","0180C2820",0.18,1159,6438.88888888889
"641","0180C2830",0.04,1541,38525
"642","0180C2840",0.09,1918,21311.1111111111
"643","0180C2850",0.11,1524,13854.5454545455
"644","0180C2860",0.1,2078,20780
"645","0180C2870",0.07,1339,19128.5714285714
"646","0180C2880",0.16,3036,18975
"647","0180C2890",0.08,1622,20275
"648","0180C2900",0.15,2105,14033.3333333333
"649","0180C2910",0.16,1636,10225
"650","0180C2920",0.4,1770,4425
"651","0180C2930",0.23,1809,7865.21739130435
"652","0180C2940",0.15,2000,13333.3333333333
"653","0180C2950",0.29,5023,17320.6896551724
"654","0180C2960",0.15,2143,14286.6666666667
"655","0180C2970",0.22,1807,8213.63636363636
"656","0180C2980",0.05,1306,26120
"657","0180C2990",0.15,1207,8046.66666666667
"658","0180C3000",0.11,1603,14572.7272727273
"659","0180C3010",0.1,1224,12240
"660","0180C3020",0.03,1295,43166.6666666667
"661","0180C3030",0.14,1284,9171.42857142857
"662","0180C3040",0.13,1529,11761.5384615385
"663","0180C3050",0.08,1638,20475
"664","0180C3060",0.1,1216,12160
"665","0180C3070",0.04,1941,48525
"666","0180C3080",0.26,1293,4973.07692307692
"667","0180C3090",0.48,1377,2868.75
"668","0180C3100",0.11,2570,23363.6363636364
"669","0180C3110",0.04,1539,38475
"670","0180C3120",0.16,1691,10568.75
"671","0180C3130",0.04,1593,39825
"672","0180C3140",0.04,1754,43850
"673","0180C3150",0.03,1387,46233.3333333333
"674","0180C3160",0.11,1939,17627.2727272727
"675","0180C3170",0.03,1596,53200
"676","0180C3180",0.05,1826,36520
"677","0180C3190",0.07,1975,28214.2857142857
"678","0180C3200",0.23,2897,12595.652173913
"679","0180C3210",0.41,1398,3409.75609756098
"680","0180C3220",0.2,1762,8810
"681","0180C3230",0.42,1689,4021.42857142857
"682","0180C3240",0.1,1750,17500
"683","0180C3250",0.04,1852,46300
"684","0180C3260",0.07,2051,29300
"685","0180C3270",0.14,1737,12407.1428571429
"686","0180C3280",0.05,1373,27460
"687","0180C3290",0.07,1541,22014.2857142857
"688","0180C3300",0.22,1923,8740.90909090909
"689","0180C3310",0.06,1512,25200
"690","0180C3320",0.09,2094,23266.6666666667
"691","0180C3330",0.31,2342,7554.83870967742
"692","0180C3340",0.05,1750,35000
"693","0180C3350",0.06,1870,31166.6666666667
"694","0180C3360",0.13,1965,15115.3846153846
"695","0180C3370",0.12,2048,17066.6666666667
"696","0180C3380",0.02,1299,64950
"697","0180C3390",0.03,1660,55333.3333333333
"698","0180C3400",0.07,1863,26614.2857142857
"699","0180C3410",0.56,1274,2275
"700","0180C3420",0.07,1316,18800
"701","0180C3430",0.04,1655,41375
"702","0180C3440",0.07,1586,22657.1428571429
"703","0180C3450",0.05,1939,38780
"704","0180C3460",0.05,1586,31720
"705","0180C3470",0.03,1358,45266.6666666667
"706","0180C3480",0.11,2355,21409.0909090909
"707","0180C3490",0.12,1443,12025
"708","0180C3500",0.04,1296,32400
"709","0180C3510",0.19,1880,9894.73684210526
"710","0180C3520",0.08,1863,23287.5
"711","0180C3530",0.09,1444,16044.4444444444
"712","0180C3540",0.3,1493,4976.66666666667
"713","0180C3550",0.05,1716,34320
"714","0180C3560",0.21,1419,6757.14285714286
"715","0180C3570",0.06,1627,27116.6666666667
"716","0180C3580",0.07,1972,28171.4285714286
"717","0180C3590",0.1,1490,14900
"718","0180C3600",0.04,1508,37700
"719","0180C3610",0.73,1529,2094.52054794521
"720","0180C3620",0.13,1854,14261.5384615385
"721","0180C3630",0.04,1391,34775
"722","0180C3640",0.05,1524,30480
"723","0180C3650",0.11,1761,16009.0909090909
"724","0180C3660",0.04,1093,27325
"725","0180C3670",0.04,1305,32625
"726","0180C3680",0.09,1402,15577.7777777778
"727","0180C3690",0.15,1625,10833.3333333333
"728","0180C3700",0.04,1431,35775
"729","0180C3710",0.07,1249,17842.8571428571
"730","0180C3720",0.47,1277,2717.02127659574
"731","0180C3730",0.24,1441,6004.16666666667
"732","0180C3740",0.05,1484,29680
"733","0180C3750",0.15,1723,11486.6666666667
"734","0180C3760",0.44,1386,3150
"735","0180C3770",0.07,1245,17785.7142857143
"736","0180C3780",0.41,1018,2482.92682926829
"737","0180C3790",0.07,1480,21142.8571428571
"738","0180C3800",0.18,1353,7516.66666666667
"739","0180C3810",0.06,1395,23250
"740","0180C3820",0.07,1529,21842.8571428571
"741","0180C3830",0.07,1741,24871.4285714286
"742","0180C3840",0.6,1707,2845
"743","0180C3850",0.54,1699,3146.2962962963
"744","0180C3860",0.06,1605,26750
"745","0180C3870",0.27,1669,6181.48148148148
"746","0180C3880",0.27,1625,6018.51851851852
"747","0180C3890",0.1,1539,15390
"748","0180C3900",0.26,1492,5738.46153846154
"749","0180C3910",0.77,1995,2590.90909090909
"750","0180C3920",2.78,849,305.395683453237
"751","0180C3930",0.06,1405,23416.6666666667
"752","0180C3940",0.16,1522,9512.5
"753","0180C3950",0.06,1227,20450
"754","0180C3960",0.08,1236,15450
"755","0180C3970",0.04,1456,36400
"756","0180C3980",0.04,1516,37900
"757","0180C3990",0.07,1458,20828.5714285714
"758","0180C4000",0.43,1566,3641.86046511628
"759","0180C4010",0.17,1421,8358.82352941176
"760","0180C4020",0.37,1622,4383.78378378378
"761","0180C4030",0.05,1374,27480
"762","0180C4040",1.31,2163,1651.14503816794
"763","0180C4050",0.24,1979,8245.83333333333
"764","0180C4060",0.54,2307,4272.22222222222
"765","0180C4070",0.15,1368,9120
"766","0180C4080",0.53,1538,2901.88679245283
"767","0180C4090",0.12,1385,11541.6666666667
"768","0180C4100",0.03,1328,44266.6666666667
"769","0180C4110",0.64,1738,2715.625
"770","0180C4120",0.06,1505,25083.3333333333
"771","0180C4130",0.06,1455,24250
"772","0180C4140",0.06,1851,30850
"773","0180C4150",0.04,1602,40050
"774","0180C4160",0.15,1389,9260
"775","0180C4170",0.05,1579,31580
"776","0180C4180",0.23,2032,8834.78260869565
"777","0180C4190",0.18,1543,8572.22222222222
"778","0180C4200",1.33,1707,1283.45864661654
"779","0180C4210",0.09,1679,18655.5555555556
"780","0180C4220",0.11,1729,15718.1818181818
"781","0180C4230",0.04,1498,37450
"782","0180C4240",0.06,1714,28566.6666666667
"783","0180C4250",0.07,1566,22371.4285714286
"784","0180C4260",0.31,1828,5896.77419354839
"785","0180C4270",0.11,1080,9818.18181818182
"786","0180C4280",0.1,2085,20850
"787","0180C4290",0.09,1887,20966.6666666667
"788","0180C4300",0.19,1718,9042.1052631579
"789","0180C4310",0.1,1836,18360
"790","0180C4320",0.2,1663,8315
"791","0180C4330",0.3,1552,5173.33333333333
"792","0180C4340",0.14,1466,10471.4285714286
"793","0180C4350",0.17,1416,8329.41176470588
"794","0180C4360",0.05,1889,37780
"795","0180C4370",0.08,1547,19337.5
"796","0180C4380",0.05,1764,35280
"797","0180C4390",0.46,1086,2360.86956521739
"798","0180C4400",0.12,1432,11933.3333333333
"799","0180C4410",0.05,1668,33360
"800","0180C4420",0.04,1288,32200
"801","0180C4430",0.11,1250,11363.6363636364
"802","0180C4440",0.18,1545,8583.33333333333
"803","0180C4450",0.13,1768,13600
"804","0180C4460",0.63,2491,3953.96825396825
"805","0180C4470",0.22,1975,8977.27272727273
"806","0180C4480",0.38,1503,3955.26315789474
"807","0180C4490",0.05,1765,35300
"808","0180C4500",0.1,1399,13990
"809","0180C4510",1.09,1660,1522.93577981651
"810","0180C4520",0.11,2131,19372.7272727273
"811","0180C4530",0.56,2591,4626.78571428571
"812","0180C4540",0.05,1353,27060
"813","0180C4550",0.07,1294,18485.7142857143
"814","0180C4560",0.06,1700,28333.3333333333
"815","0180C4570",0.44,1238,2813.63636363636
"816","0180C4580",0.11,2210,20090.9090909091
"817","0180C4590",0.24,1476,6150
"818","0180C4600",0.04,1754,43850
"819","0180C4610",0.06,1735,28916.6666666667
"820","0180C4620",0.13,1562,12015.3846153846
"821","0180C4630",0.24,1827,7612.5
"822","0180C4640",0.09,1866,20733.3333333333
"823","0180C4650",0.05,1458,29160
"824","0180C4660",0.03,1468,48933.3333333333
"825","0180C4670",0.26,1533,5896.15384615385
"826","0180C4680",0.06,1192,19866.6666666667
"827","0180C4690",0.05,1321,26420
"828","0180C4700",3.28,2600,792.682926829268
"829","0180C4710",0.15,2141,14273.3333333333
"830","0180C4720",0.06,1564,26066.6666666667
"831","0180C4730",0.04,1924,48100
"832","0180C4740",0.12,1553,12941.6666666667
"833","0180C4750",0.08,1341,16762.5
"834","0180C4760",0.07,1248,17828.5714285714
"835","0180C4770",0.27,1825,6759.25925925926
"836","0180C4780",0.04,1587,39675
"837","0180C4790",0.07,1561,22300
"838","0180C4800",0.06,1562,26033.3333333333
"839","0180C4810",0.05,1238,24760
"840","0180C4820",0.05,1668,33360
"841","0180C4830",0.06,1636,27266.6666666667
"842","0180C4840",0.07,1688,24114.2857142857
"843","0180C4850",0.04,1549,38725
"844","0180C4860",0.05,1967,39340
"845","0180C4870",0.09,1750,19444.4444444444
"846","0180C4880",0.07,1548,22114.2857142857
"847","0180C4890",0.06,1259,20983.3333333333
"848","0180C4900",0.14,1676,11971.4285714286
"849","0180C4910",0.08,1674,20925
"850","0180C4920",0.05,1664,33280
"851","0180C4930",0.26,1958,7530.76923076923
"852","0180C4940",0.21,2181,10385.7142857143
"853","0180C4950",0.19,1557,8194.73684210526
"854","0180C4960",0.05,1561,31220
"855","0180C4970",0.88,2139,2430.68181818182
"856","0180C4980",0.04,1002,25050
"857","0180C4990",0.11,1625,14772.7272727273
"858","0180C5000",0.05,1607,32140
"859","0180C5010",0.1,1798,17980
"860","0180C5020",0.07,1996,28514.2857142857
"861","0180C5030",0.05,1879,37580
"862","0180C5040",0.07,2025,28928.5714285714
"863","0180C5050",0.11,2153,19572.7272727273
"864","0180C5060",0.05,2257,45140
"865","0180C5070",0.06,1245,20750
"866","0180C5080",0.06,1703,28383.3333333333
"867","0180C5090",0.06,1968,32800
"868","0180C5100",0.31,1978,6380.64516129032
"869","0180C5110",0.04,1759,43975
"870","0180C5120",0.14,1770,12642.8571428571
"871","0180C5130",0.04,1245,31125
"872","0180C5140",0.04,1455,36375
"873","0180C5150",0.59,1879,3184.74576271186
"874","0180C5160",0.28,1514,5407.14285714286
"875","0180C5170",0.07,1136,16228.5714285714
"876","0180C5180",0.23,1284,5582.60869565217
"877","0180C5190",0.14,1265,9035.71428571428
"878","0180C5200",0.06,1458,24300
"879","0180C5210",0.26,2553,9819.23076923077
"880","0180C5220",0.05,2033,40660
"881","0180C5230",0.1,1958,19580
"882","0180C5240",0.62,1374,2216.12903225806
"883","0180C5250",0.55,2168,3941.81818181818
"884","0180C5260",0.36,5394,14983.3333333333
"885","0180C5270",0.05,1838,36760
"886","0180C5280",0.04,1436,35900
"887","0180C5290",0.06,1487,24783.3333333333
"888","0180C5300",0.05,2061,41220
"889","0180C5310",0.09,1983,22033.3333333333
"890","0180C5320",1.24,1988,1603.22580645161
"891","0180C5330",0.07,1744,24914.2857142857
"892","0180C5340",3.08,1157,375.649350649351
"893","0180C5350",0.08,1773,22162.5
"894","0180C5360",0.04,1642,41050
"895","0180C5370",0.11,1851,16827.2727272727
"896","0180C5380",0.07,1625,23214.2857142857
"897","0180C5390",0.04,1613,40325
"898","0180C5400",0.64,1536,2400
"899","0180C5410",1.62,1698,1048.14814814815
"900","0180C5420",0.11,3313,30118.1818181818
"901","0180C5430",1.45,3236,2231.72413793103
"902","0180C5440",0.35,1611,4602.85714285714
"903","0180C5450",0.24,2047,8529.16666666667
"904","0180C5460",0.59,1173,1988.13559322034
"905","0180C5470",0.33,1873,5675.75757575758
"906","0180C5480",0.29,949,3272.41379310345
"907","0180C5490",0.27,2922,10822.2222222222
"908","0180C5500",0.34,1656,4870.58823529412
"909","0180C5510",0.15,1630,10866.6666666667
"910","0180C5520",0.97,938,967.010309278351
"911","0180C5530",0.14,2836,20257.1428571429
"912","0180C5540",0.27,2426,8985.18518518518
"913","0180C5550",0.21,1166,5552.38095238095
"914","0180C5560",0.35,892,2548.57142857143
"915","0180C5570",0.26,1543,5934.61538461538
"916","0180C5580",0.16,2124,13275
"917","0180C5590",0.16,1688,10550
"918","0180C5600",0.26,1884,7246.15384615385
"919","0180C5610",0.47,1640,3489.36170212766
"920","0180C5620",0.19,2032,10694.7368421053
"921","0180C5630",0.2,1961,9805
"922","0180C5640",0.65,1166,1793.84615384615
"923","0180C5650",0.35,4170,11914.2857142857
"924","0180C5660",0.19,2223,11700
"925","0180C5670",0.22,2105,9568.18181818182
"926","0180C5680",0.6,2276,3793.33333333333
"927","0180C5690",0.19,4048,21305.2631578947
"928","0180C5700",0.12,1599,13325
"929","0180C5710",0.28,1838,6564.28571428571
"930","0180C5720",0.26,1568,6030.76923076923
"931","0180C5730",0.16,2118,13237.5
"932","0180C5740",1.32,832,630.30303030303
"933","0180C5750",0.11,3218,29254.5454545455
"934","0180C5760",0.14,1858,13271.4285714286
"935","0180C5770",4.62,2211,478.571428571429
"936","0180C5780",0.17,1650,9705.88235294118
"937","0180C5790",0.2,1598,7990
"938","0180C5800",0.66,1755,2659.09090909091
"939","0180C5810",0.33,2291,6942.42424242424
"940","0180C5820",0.78,2307,2957.69230769231
"941","0180C5830",0.83,2187,2634.93975903614
"942","0180C5840",0.5,1539,3078
"943","0180C5850",0.63,2179,3458.73015873016
"944","0180C5860",1.16,3044,2624.13793103448
"945","0180C5870",0.35,1581,4517.14285714286
"946","0180C5880",0.84,1509,1796.42857142857
"947","0180C5890",0.61,1673,2742.62295081967
"948","0180C5900",0.06,2318,38633.3333333333
"949","0180C5910",0.9,2760,3066.66666666667
"950","0180C5920",0.51,1918,3760.78431372549
"951","0180C5930",0.48,1797,3743.75
"952","0180C5940",0.34,1260,3705.88235294118
"953","0180C5950",0.31,1226,3954.83870967742
"954","0180C5960",0.62,1652,2664.51612903226
"955","0180C5970",0.7,2071,2958.57142857143
"956","0180C5980",0.21,1909,9090.47619047619
"957","0180C5990",0.42,2203,5245.2380952381
"958","0180C6000",0.65,1927,2964.61538461538
"959","0180C6010",0.41,1736,4234.14634146341
"960","0180C6020",0.75,2375,3166.66666666667
"961","0180C6030",0.84,2105,2505.95238095238
"962","0180C6040",0.58,1941,3346.55172413793
"963","0180C6050",2.54,2106,829.133858267717
"964","0180C6060",0.72,2651,3681.94444444444
"965","0180C6070",0.26,2292,8815.38461538462
"966","0180C6080",0.72,1629,2262.5
"967","0180C6090",0.25,2371,9484
"968","0180C6100",0.07,1696,24228.5714285714
"969","0180C6110",0.15,1889,12593.3333333333
"970","0180C6120",0.1,1723,17230
"971","0180C6130",1.54,1898,1232.46753246753
"972","0180C6140",0.37,1832,4951.35135135135
"973","0180C6150",0.18,3335,18527.7777777778
"974","0180C6160",0.1,1753,17530
"975","0180C6170",0.16,2006,12537.5
"976","0180C6180",0.17,2178,12811.7647058824
"977","0180C6190",0.65,2145,3300
"978","0180C6200",0.65,1790,2753.84615384615
"979","0180C6210",0.27,2503,9270.37037037037
"980","0180C6220",0.21,2011,9576.19047619048
"981","0180C6230",0.12,2327,19391.6666666667
"982","0180C6240",0.37,2236,6043.24324324324
"983","0180C6250",0.22,1623,7377.27272727273
"984","0180C6260",0.11,2144,19490.9090909091
"985","0180C6270",0.13,1986,15276.9230769231
"986","0180C6280",0.16,1965,12281.25
"987","0180C6290",1.07,2223,2077.57009345794
"988","0180C6300",0.12,2070,17250
"989","0180C6310",1.14,1959,1718.42105263158
"990","0180C6320",0.13,2047,15746.1538461538
"991","0180C6330",1.48,1797,1214.18918918919
"992","0180C6340",2.41,1558,646.473029045643
"993","0180C6350",0.1,2137,21370
"994","0180C6360",0.17,1845,10852.9411764706
"995","0180C6370",0.11,1590,14454.5454545455
"996","0180C6380",0.13,2169,16684.6153846154
"997","0180C6390",0.76,2438,3207.89473684211
"998","0180C6400",0.19,2311,12163.1578947368
"999","0180C6410",0.26,1615,6211.53846153846
"1000","0180C6420",0.07,1965,28071.4285714286
"1001","0180C6430",0.08,2076,25950
"1002","0180C6440",3.98,2245,564.070351758794
"1003","0181A0010",102.96,1322,12.8399378399378
"1004","0181A0020",120.73,1846,15.2903172368094
"1005","0181A0030",125.83,2617,20.797901931177
"1006","0181A0040",4.42,1843,416.968325791855
"1007","0181A0050",15.32,1160,75.7180156657963
"1008","0181A0060",57.9,1607,27.7547495682211
"1009","0181B2010",5.3,2343,442.075471698113
"1010","0181B2020",5,1410,282
"1011","0181B2030",4.91,3174,646.435845213849
"1012","0181B2040",3.19,1486,465.830721003135
"1013","0181B4010",7.68,1781,231.901041666667
"1014","0181B5010",7.09,1205,169.957686882934
"1015","0181C1010",3.18,2258,710.062893081761
"1016","0181C1020",5.23,2238,427.91586998088
"1017","0181C1030",2.37,1875,791.139240506329
"1018","0181C1040",5.83,1785,306.174957118353
"1019","0181C1050",0.15,1883,12553.3333333333
"1020","0181C1060",0.4,1613,4032.5
"1021","0181C1070",0.44,1875,4261.36363636364
"1022","0181C1080",0.31,1799,5803.22580645161
"1023","0181C1090",0.63,2269,3601.5873015873
"1024","0181C1100",0.9,2393,2658.88888888889
"1025","0181C1110",0.35,1569,4482.85714285714
"1026","0181C1120",4.2,1535,365.47619047619
"1027","0181C1130",0.25,1800,7200
"1028","0181C1140",0.82,1773,2162.19512195122
"1029","0181C1150",0.5,2176,4352
"1030","0181C1160",0.65,3208,4935.38461538462
"1031","0181C1170",0.26,1600,6153.84615384615
"1032","0181C1180",0.45,2148,4773.33333333333
"1033","0181C1190",0.37,1689,4564.86486486487
"1034","0181C1200",0.75,1705,2273.33333333333
"1035","0181C1210",0.55,2055,3736.36363636364
"1036","0181C1220",0.68,2514,3697.05882352941
"1037","0181C1230",0.17,1002,5894.11764705882
"1038","0181C1240",0.21,2132,10152.380952381
"1039","0181C1250",0.77,1618,2101.2987012987
"1040","0181C1260",0.37,2122,5735.13513513513
"1041","0181C1270",0.5,2348,4696
"1042","0181C1280",0.7,3431,4901.42857142857
"1043","0181C1290",0.5,2267,4534
"1044","0181C1300",3.45,3287,952.753623188406
"1045","0181C1310",0.59,2735,4635.59322033898
"1046","0181C1320",0.14,2148,15342.8571428571
"1047","0181C1330",0.46,1398,3039.13043478261
"1048","0181C1340",0.69,1915,2775.36231884058
"1049","0181C1350",4.76,1657,348.109243697479
"1050","0181C1360",0.12,1726,14383.3333333333
"1051","0181C1370",9.32,2179,233.798283261803
"1052","0181C1380",3.79,2322,612.664907651715
"1053","0181C1390",7.86,2678,340.712468193384
"1054","0182C1010",0.73,2272,3112.32876712329
"1055","0182C1020",0.17,1703,10017.6470588235
"1056","0182C1030",1.61,3417,2122.3602484472
"1057","0182C1040",0.34,1744,5129.41176470588
"1058","0182C1050",3.56,1061,298.033707865169
"1059","0182C1060",0.89,1992,2238.20224719101
"1060","0182C1070",2.39,1736,726.359832635983
"1061","0182C1080",27.64,2030,73.4442836468886
"1062","0182C1090",1.18,1840,1559.32203389831
"1063","0182C1100",0.08,794,9925
"1064","0182C1110",2.14,2223,1038.78504672897
"1065","0182C1120",0.31,2449,7900
"1066","0182C1130",0.27,761,2818.51851851852
"1067","0182C1140",0.09,2036,22622.2222222222
"1068","0182C1150",0.57,2674,4691.22807017544
"1069","0182C1160",0.91,1192,1309.89010989011
"1070","0182C1170",1.3,2184,1680
"1071","0182C1180",1.73,1811,1046.82080924855
"1072","0182C1190",0.16,1592,9950
"1073","0182C1200",0.46,1349,2932.60869565217
"1074","0182C1210",2.24,2014,899.107142857143
"1075","0182C1220",1.02,1583,1551.96078431373
"1076","0182C1230",0.52,3059,5882.69230769231
"1077","0182C1240",1.07,1936,1809.34579439252
"1078","0182C1250",0.36,2251,6252.77777777778
"1079","0182C1260",0.33,1694,5133.33333333333
"1080","0182C1270",1.92,1924,1002.08333333333
"1081","0182C1280",0.55,2322,4221.81818181818
"1082","0182C1290",1.23,3551,2886.9918699187
"1083","0182C1300",0.41,1868,4556.09756097561
"1084","0182C1310",1.45,2507,1728.96551724138
"1085","0182C1320",0.59,2236,3789.83050847458
"1086","0182C1330",0.25,2008,8032
"1087","0182C1340",1.12,1813,1618.75
"1088","0182C1350",0.35,2377,6791.42857142857
"1089","0182C1360",0.96,938,977.083333333333
"1090","0182C1370",0.25,3218,12872
"1091","0182C1380",0.09,1523,16922.2222222222
"1092","0182C1390",0.98,2876,2934.69387755102
"1093","0182C1400",0.86,2176,2530.23255813953
"1094","0182C1410",2.49,3614,1451.40562248996
"1095","0182C1420",1.55,2522,1627.09677419355
"1096","0182C1430",1.47,803,546.258503401361
"1097","0182C1440",0.48,2966,6179.16666666667
"1098","0182C1450",1.89,2218,1173.54497354497
"1099","0182C1460",1.8,2720,1511.11111111111
"1100","0182C1470",1.91,2112,1105.75916230366
"1101","0182C1480",0.49,1745,3561.22448979592
"1102","0182C1490",0.4,2490,6225
"1103","0182C1500",1.33,2143,1611.27819548872
"1104","0182C1510",11.96,2550,213.210702341137
"1105","0182C1520",4.45,2371,532.808988764045
"1106","0182C1530",1.64,1645,1003.0487804878
"1107","0183C1010",0.17,2963,17429.4117647059
"1108","0183C1020",0.12,1751,14591.6666666667
"1109","0183C1030",0.28,2772,9900
"1110","0183C1040",0.13,1560,12000
"1111","0183C1050",0.1,2543,25430
"1112","0183C1060",0.07,1606,22942.8571428571
"1113","0183C1070",0.12,1702,14183.3333333333
"1114","0183C1080",0.07,2183,31185.7142857143
"1115","0183C1090",0.06,1484,24733.3333333333
"1116","0183C1100",0.1,1335,13350
"1117","0183C1110",0.42,1602,3814.28571428571
"1118","0183C1120",0.17,1814,10670.5882352941
"1119","0183C1130",0.37,1693,4575.67567567568
"1120","0183C1140",0.47,1229,2614.89361702128
"1121","0183C1150",0.19,2443,12857.8947368421
"1122","0183C1160",0.3,3260,10866.6666666667
"1123","0183C1170",0.25,1677,6708
"1124","0183C1180",0.65,2258,3473.84615384615
"1125","0183C1190",0.24,2403,10012.5
"1126","0183C1200",0.32,2089,6528.125
"1127","0183C1210",0.42,1821,4335.71428571429
"1128","0183C1220",0.25,1781,7124
"1129","0183C1230",0.19,1801,9478.94736842105
"1130","0183C1240",0.64,4221,6595.3125
"1131","0183C1250",0.18,2780,15444.4444444444
"1132","0183C1260",2.41,3141,1303.31950207469
"1133","0184C1010",0.81,1545,1907.40740740741
"1134","0184C1020",0.3,1618,5393.33333333333
"1135","0184C1030",0.18,2529,14050
"1136","0184C1040",0.19,1899,9994.73684210526
"1137","0184C1050",0.45,3386,7524.44444444444
"1138","0184C1060",0.17,1898,11164.7058823529
"1139","0184C1070",0.25,1681,6724
"1140","0184C1080",0.18,1886,10477.7777777778
"1141","0184C1090",0.51,2522,4945.09803921569
"1142","0184C1100",0.12,1742,14516.6666666667
"1143","0184C1110",0.21,1834,8733.33333333333
"1144","0184C1120",0.13,2090,16076.9230769231
"1145","0184C1130",0.37,1913,5170.27027027027
"1146","0184C1140",0.21,1681,8004.76190476191
"1147","0184C1150",0.22,1500,6818.18181818182
"1148","0184C1160",0.38,1855,4881.57894736842
"1149","0184C1170",0.16,1938,12112.5
"1150","0184C1180",3.77,1445,383.289124668435
"1151","0184C1190",0.12,1876,15633.3333333333
"1152","0184C1200",0.06,1885,31416.6666666667
"1153","0184C1210",0.13,1811,13930.7692307692
"1154","0184C1220",0.09,2150,23888.8888888889
"1155","0184C1230",0.23,2780,12086.9565217391
"1156","0184C1240",0.17,1865,10970.5882352941
"1157","0184C1250",0.07,1349,19271.4285714286
"1158","0184C1260",0.11,2181,19827.2727272727
"1159","0184C1270",0.37,2779,7510.81081081081
"1160","0184C1280",0.19,2229,11731.5789473684
"1161","0184C1290",0.28,1780,6357.14285714286
"1162","0184C1300",0.23,1986,8634.78260869565
"1163","0184C1310",0.68,2889,4248.52941176471
"1164","0184C1320",0.83,1555,1873.49397590361
"1165","0184C1330",0.19,2238,11778.9473684211
"1166","0184C1340",0.57,1267,2222.80701754386
"1167","0184C1350",0.21,1954,9304.7619047619
"1168","0184C1360",0.38,1864,4905.26315789474
"1169","0184C1370",0.17,1817,10688.2352941176
"1170","0184C1380",0.19,1469,7731.57894736842
"1171","0184C1390",0.09,2802,31133.3333333333
"1172","0184C1400",0.07,1938,27685.7142857143
"1173","0184C1410",3.57,2586,724.36974789916
"1174","0184C1420",0.25,1516,6064
"1175","0184C1430",1.44,1898,1318.05555555556
"1176","0186C1010",0.56,2708,4835.71428571429
"1177","0186C1020",1.41,2157,1529.78723404255
"1178","0186C1030",0.21,1747,8319.04761904762
"1179","0186C1040",0.22,1310,5954.54545454545
"1180","0186C1050",0.17,2134,12552.9411764706
"1181","0186C1060",2.91,1294,444.6735395189
"1182","0186C1070",1.12,2014,1798.21428571429
"1183","0186C1080",0.21,1544,7352.38095238095
"1184","0186C1090",1.05,2287,2178.09523809524
"1185","0186C1100",0.33,1623,4918.18181818182
"1186","0186C1110",0.18,1611,8950
"1187","0186C1120",0.31,1706,5503.22580645161
"1188","0186C1130",0.99,2234,2256.56565656566
"1189","0186C1140",1.92,1632,850
"1190","0186C1150",0.65,2001,3078.46153846154
"1191","0186C1160",0.96,1800,1875
"1192","0186C1170",0.88,2055,2335.22727272727
"1193","0186C1180",0.52,1661,3194.23076923077
"1194","0186C1190",1.05,1878,1788.57142857143
"1195","0186C1200",5.64,1702,301.77304964539
"1196","0186C1210",0.22,1466,6663.63636363636
"1197","0186C1220",0.48,1908,3975
"1198","0186C1230",1.4,1760,1257.14285714286
"1199","0186C1240",1.53,1816,1186.92810457516
"1200","0186C1250",4.66,2188,469.527896995708
"1201","0186C1260",1.12,2088,1864.28571428571
"1202","0187A0010",34.41,2183,63.4408602150538
"1203","0187C1010",7.8,1596,204.615384615385
"1204","0187C1020",0.64,1881,2939.0625
"1205","0187C1030",6.92,1848,267.052023121387
"1206","0187C1040",1.66,1021,615.060240963855
"1207","0187C1050",4.06,1648,405.911330049261
"1208","0187C1060",2.14,1640,766.355140186916
"1209","0188A0010",69.17,1103,15.9462194593032
"1210","0188A0020",82.05,1572,19.1590493601463
"1211","0188A0030",120.98,1769,14.6222516118367
"1212","0188A0040",137.98,2403,17.4155674735469
"1213","0188A0050",60.87,1303,21.4062756694595
"1214","0188A0060",93.48,2280,24.390243902439
"1215","0188A0070",103.11,1572,15.2458539423916
"1216","0188A0080",60.36,1392,23.0616302186879
"1217","0188A0090",33.71,1266,37.5556214773064
"1218","0188A0100",101.4,1248,12.3076923076923
"1219","0188A0110",71.66,1170,16.327100195367
"1220","0188A0120",53.23,1611,30.2648882209281
"1221","0188A0130",64.11,1155,18.0159101544221
"1222","0188A0140",111.32,1720,15.4509522098455
"1223","0188A0150",102.3,1196,11.6911045943304
"1224","0188A0160",152.85,1709,11.1808963035656
"1225","0188A0170",206.1,1155,5.60407569141194
"1226","0188A0180",174.39,1779,10.2012730087734
"1227","0188A0190",137.08,1280,9.3376130726583
"1228","0188B2010",2.72,1625,597.426470588235
"1229","0188B2020",4.84,1640,338.842975206612
"1230","0188B2030",3.16,2335,738.924050632911
"1231","0188B3010",6.08,1386,227.960526315789
"1232","0188B3020",2.51,1262,502.788844621514
"1233","0188B3030",6.75,1949,288.740740740741
"1234","0188B4010",11.33,1653,145.895851721094
"1235","0188B5010",16.48,1471,89.2597087378641
"1236","0188C1010",5.3,2570,484.905660377359
"1237","0188C1020",2.38,1622,681.512605042017
"1238","0188C1030",1.25,1736,1388.8
"1239","0188C1040",0.47,2027,4312.76595744681
"1240","0188C1050",0.52,2002,3850
"1241","0188C1060",0.95,4073,4287.36842105263
"1242","0188C1070",0.48,1226,2554.16666666667
"1243","0188C1080",2.29,2205,962.882096069869
"1244","0188C1090",2.55,1712,671.372549019608
"1245","0188C1100",3.21,2246,699.688473520249
"1246","0188C1110",3.49,2347,672.492836676218
"1247","0191A0010",66.25,1926,29.0716981132075
"1248","0191A0020",42.06,1898,45.1260104612458
"1249","0191A0030",74.16,1613,21.7502696871629
"1250","0191A0040",104.69,1253,11.9686694049097
"1251","0191B2010",1.2,2330,1941.66666666667
"1252","0191B2020",3.07,1238,403.257328990228
"1253","0191B2030",4.04,3027,749.257425742574
"1254","0191B2040",1.77,2212,1249.71751412429
"1255","0191B2050",1.63,1688,1035.58282208589
"1256","0191B3010",9.92,1928,194.354838709677
"1257","0191C1010",1.84,2427,1319.02173913043
"1258","0191C1020",1.57,2666,1698.08917197452
"1259","0191C1030",0.23,2213,9621.73913043478
"1260","0191C1040",0.35,2212,6320
"1261","0191C1050",0.33,2463,7463.63636363636
"1262","0191C1060",0.81,2718,3355.55555555556
"1263","0191C1070",0.75,2208,2944
"1264","0191C1080",5.16,4045,783.914728682171
"1265","0191C1090",0.46,2421,5263.04347826087
"1266","0191C1100",0.2,1748,8740
"1267","0191C1110",2.57,1864,725.291828793774
"1268","0191C1120",1.85,2256,1219.45945945946
"1269","0191C1130",0.51,2264,4439.21568627451
"1270","0191C1140",2.24,1911,853.125
"1271","0192A0010",129.66,1718,13.250038562394
"1272","0192A0020",73.4,2406,32.7792915531335
"1273","0192A0030",38.83,1668,42.9564769508112
"1274","0192A0040",87.92,2353,26.76296633303
"1275","0192B2010",6.41,2423,378.003120124805
"1276","0192B2020",1.49,1901,1275.8389261745
"1277","0192B3010",7.18,1367,190.389972144847
"1278","0192C1010",1.63,1242,761.963190184049
"1279","0192C1020",0.77,1392,1807.79220779221
"1280","0192C1030",0.98,1586,1618.36734693878
"1281","0192C1040",0.66,2037,3086.36363636364
"1282","0192C1050",0.19,1261,6636.84210526316
"1283","0192C1060",0.58,2096,3613.79310344828
"1284","0192C1070",0.83,2371,2856.6265060241
"1285","0192C1080",0.37,1152,3113.51351351351
"1286","0192C1090",0.79,2206,2792.40506329114
"1287","0192C1100",5.63,1132,201.065719360568
"1288","0305A0010",107.51,2797,26.0161845409729
"1289","0305B2010",7.62,2196,288.188976377953
"1290","0305C1010",9.65,3154,326.839378238342
"1291","0305C1020",4.98,1526,306.425702811245
"1292","0305C1030",2.15,3007,1398.60465116279
"1293","0305C1040",1.25,2199,1759.2
"1294","0305C1050",3.77,2378,630.769230769231
"1295","0305C1060",0.97,2647,2728.86597938144
"1296","0305C1070",1.3,1606,1235.38461538462
"1297","0305C1080",4.33,1464,338.10623556582
"1298","0319A0010",195.42,1615,8.26425135605363
"1299","0319B2010",8.45,1612,190.769230769231
"1300","0319C1010",6.49,1771,272.881355932203
"1301","0319C1020",5.91,2485,420.473773265651
"1302","0319C1030",5.25,2089,397.904761904762
"1303","0330A0010",73.06,1778,24.336162058582
"1304","0330A0020",110.08,2463,22.374636627907
"1305","0330A0030",78.08,1193,15.2792008196721
"1306","0330C1010",3.55,2113,595.211267605634
"1307","0330C1020",4.39,2337,532.346241457859
"1308","0330C1030",1.07,3550,3317.75700934579
"1309","0330C1040",1.71,1856,1085.38011695906
"1310","0330C1050",2.83,1477,521.908127208481
"1311","0330C1060",1.48,1495,1010.13513513514
"1312","0330C1070",6.08,2452,403.289473684211
"1313","0331A0010",135.41,1131,8.35241119562809
"1314","0331A0020",341.41,1767,5.17559532526874
"1315","0331A0030",155.79,1716,11.0148276526093
"1316","0331A0040",278.5,832,2.98743267504488
"1317","0331A0050",214.91,1008,4.69033548927458
"1318","0331B2010",10.29,1979,192.322643343052
"1319","0331B3010",6.41,1565,244.14976599064
"1320","0331B4010",8.19,1284,156.776556776557
"1321","0331C1010",7.97,1788,224.341279799247
"1322","0331C1020",7.85,1273,162.165605095541
"1323","0360A0010",116.62,1019,8.73778082661636
"1324","0360A0020",127.62,1311,10.272684532205
"1325","0360A0030",183.12,1348,7.36129314110965
"1326","0360A0040",269.67,1838,6.81573775355064
"1327","0360A0050",273.45,1722,6.29731212287438
"1328","0360A0060",278.77,1119,4.01406177135273
"1329","0360A0070",248.87,974,3.91368987824969
"1330","0360B2010",10.99,2482,225.841674249318
"1331","0360B3010",8.1,1646,203.20987654321
"1332","0360B4010",11.08,1310,118.231046931408
"1333","0360C1010",5.02,2902,578.087649402391
"1334","0360C1020",3.06,2032,664.052287581699
"1335","0360C1030",5.21,1490,285.988483685221
"1336","0380A0010",61.08,1821,29.8133595284872
"1337","0380A0020",171.42,2653,15.4766071636915
"1338","0380A0030",64.96,2615,40.2555418719212
"1339","0380A0040",105.22,2297,21.8304504846987
"1340","0380A0050",113.27,2079,18.354374503399
"1341","0380A0060",169.1,2094,12.3832052040213
"1342","0380A0070",136.37,1398,10.2515215956589
"1343","0380A0080",49.09,2236,45.5489916479935
"1344","0380A0090",94.01,1334,14.1899797893841
"1345","0380A0100",36.28,1289,35.529217199559
"1346","0380A0110",45.77,1152,25.169324885296
"1347","0380A0120",240.44,2467,10.2603560139744
"1348","0380A0130",222.51,1695,7.61763516246461
"1349","0380A0140",136.12,1729,12.7020276226859
"1350","0380A0150",183.48,2915,15.8872901678657
"1351","0380A0160",180.09,2555,14.1873507690599
"1352","0380B2010",1.64,1770,1079.26829268293
"1353","0380B2020",0.54,1102,2040.74074074074
"1354","0380B2030",4.48,1777,396.651785714286
"1355","0380B2040",3.02,1661,550
"1356","0380B3010",2.57,1416,550.972762645914
"1357","0380B3020",3.76,1136,302.127659574468
"1358","0380B3030",4.61,1464,317.570498915401
"1359","0380B4010",5.22,1772,339.463601532567
"1360","0380B4020",3.23,1760,544.891640866873
"1361","0380B5010",25.43,3136,123.318914667715
"1362","0380B6010",5.91,3107,525.719120135364
"1363","0380B7010",6.36,1421,223.427672955975
"1364","0380B8010",4.78,1312,274.476987447699
"1365","0380C1010",4.68,1098,234.615384615385
"1366","0380C1020",1.27,1447,1139.37007874016
"1367","0380C1030",0.76,1664,2189.47368421053
"1368","0380C1040",1.53,1618,1057.51633986928
"1369","0380C1050",4.67,2052,439.400428265525
"1370","0380C1060",0.76,1512,1989.47368421053
"1371","0380C1070",0.24,1634,6808.33333333333
"1372","0380C1080",1.36,1074,789.705882352941
"1373","0380C1090",0.32,974,3043.75
"1374","0380C1100",0.17,1496,8800
"1375","0380C1110",0.39,1626,4169.23076923077
"1376","0380C1120",2.44,890,364.754098360656
"1377","0380C1130",0.1,1344,13440
"1378","0380C1140",0.49,1620,3306.12244897959
"1379","0380C1150",0.18,1866,10366.6666666667
"1380","0380C1160",0.17,1889,11111.7647058824
"1381","0380C1170",0.29,1114,3841.37931034483
"1382","0380C1180",0.27,1380,5111.11111111111
"1383","0380C1190",0.28,1325,4732.14285714286
"1384","0380C1200",0.45,1187,2637.77777777778
"1385","0380C1210",3.67,3824,1041.96185286104
"1386","0380C1220",4.89,1399,286.094069529652
"1387","0380C1230",0.59,1539,2608.47457627119
"1388","0380C1240",0.55,1412,2567.27272727273
"1389","0380C1250",1.66,1640,987.951807228916
"1390","0380C1260",1.85,2945,1591.89189189189
"1391","0380C1270",1.41,886,628.368794326241
"1392","0380C1280",0.47,1088,2314.89361702128
"1393","0380C1290",2.95,1455,493.220338983051
"1394","0380C1300",1.2,1090,908.333333333333
"1395","0380C1310",0.14,1464,10457.1428571429
"1396","0380C1320",0.43,1635,3802.32558139535
"1397","0380C1330",2.89,3264,1129.41176470588
"1398","0380C1340",0.19,1417,7457.8947368421
"1399","0380C1350",2.29,4980,2174.67248908297
"1400","0380C1360",0.17,1511,8888.23529411765
"1401","0380C1370",1.96,1320,673.469387755102
"1402","0380C1380",0.12,1191,9925
"1403","0380C1390",0.44,1518,3450
"1404","0380C1400",10.99,2373,215.923566878981
"1405","0380C1410",0.68,1295,1904.41176470588
"1406","0380C1420",0.21,1418,6752.38095238095
"1407","0380C1430",0.12,1248,10400
"1408","0380C1440",0.26,835,3211.53846153846
"1409","0380C1450",1.3,1157,890
"1410","0380C1460",0.06,1045,17416.6666666667
"1411","0380C1470",1.71,2334,1364.91228070175
"1412","0380C1480",0.34,5163,15185.2941176471
"1413","0380C1490",0.65,1804,2775.38461538462
"1414","0380C1500",0.35,1177,3362.85714285714
"1415","0380C1510",2.69,1166,433.457249070632
"1416","0380C1520",0.12,1722,14350
"1417","0380C1530",0.18,1348,7488.88888888889
"1418","0380C1540",0.49,1314,2681.63265306122
"1419","0380C1550",0.11,1301,11827.2727272727
"1420","0380C1560",0.4,1833,4582.5
"1421","0380C1570",1.02,824,807.843137254902
"1422","0380C1580",0.14,1231,8792.85714285714
"1423","0380C1590",0.08,1491,18637.5
"1424","0380C1600",0.22,1504,6836.36363636364
"1425","0380C1610",0.2,1222,6110
"1426","0380C1620",0.15,1169,7793.33333333333
"1427","0380C1630",3.02,2202,729.139072847682
"1428","0380C1640",0.08,1292,16150
"1429","0380C1650",0.13,1226,9430.76923076923
"1430","0380C1660",0.11,1321,12009.0909090909
"1431","0380C1670",0.08,1211,15137.5
"1432","0380C1680",0.32,1411,4409.375
"1433","0380C1690",0.09,787,8744.44444444445
"1434","0380C1700",0.53,1335,2518.8679245283
"1435","0380C1710",0.13,1385,10653.8461538462
"1436","0380C1720",0.1,1469,14690
"1437","0380C1730",0.06,1176,19600
"1438","0380C1740",0.14,1544,11028.5714285714
"1439","0380C1750",0.24,1321,5504.16666666667
"1440","0380C1760",0.18,2013,11183.3333333333
"1441","0380C1770",0.08,859,10737.5
"1442","0380C1780",0.12,1184,9866.66666666667
"1443","0380C1790",0.22,1678,7627.27272727273
"1444","0380C1800",0.19,2044,10757.8947368421
"1445","0380C1810",0.2,1451,7255
"1446","0380C1820",0.18,1269,7050
"1447","0380C1830",0.17,2361,13888.2352941176
"1448","0380C1840",0.75,2020,2693.33333333333
"1449","0380C1850",0.05,822,16440
"1450","0380C1860",0.1,1716,17160
"1451","0380C1870",0.17,1194,7023.52941176471
"1452","0380C1880",0.15,1678,11186.6666666667
"1453","0380C1890",0.2,1496,7480
"1454","0380C1900",0.23,2450,10652.1739130435
"1455","0380C1910",0.19,836,4400
"1456","0380C1920",0.17,1370,8058.82352941176
"1457","0380C1930",0.12,1121,9341.66666666667
"1458","0380C1940",0.21,2902,13819.0476190476
"1459","0380C1950",0.12,952,7933.33333333333
"1460","0380C1960",0.15,1353,9020
"1461","0380C1970",0.16,1496,9350
"1462","0380C1980",0.33,1450,4393.93939393939
"1463","0380C1990",0.09,866,9622.22222222222
"1464","0380C2000",1.44,1493,1036.80555555556
"1465","0380C2010",0.09,2424,26933.3333333333
"1466","0380C2020",0.27,2360,8740.74074074074
"1467","0380C2030",0.15,1358,9053.33333333333
"1468","0380C2040",0.53,2497,4711.32075471698
"1469","0380C2050",0.39,1160,2974.35897435897
"1470","0380C2060",0.52,1365,2625
"1471","0380C2070",0.11,990,9000
"1472","0380C2080",0.26,1446,5561.53846153846
"1473","0380C2090",3.55,1856,522.816901408451
"1474","0380C2100",0.13,2553,19638.4615384615
"1475","0380C2110",1.17,1538,1314.52991452991
"1476","0380C2120",0.07,873,12471.4285714286
"1477","0380C2130",0.3,1026,3420
"1478","0380C2140",2.01,2403,1195.5223880597
"1479","0380C2150",0.28,1632,5828.57142857143
"1480","0380C2160",0.27,1176,4355.55555555556
"1481","0380C2170",2.23,1001,448.878923766816
"1482","0380C2180",0.47,1425,3031.91489361702
"1483","0380C2190",0.49,1274,2600
"1484","0380C2200",0.19,2070,10894.7368421053
"1485","0380C2210",5.5,1623,295.090909090909
"1486","0381A0010",177.22,2487,14.0334048075838
"1487","0381A0020",63.13,1159,18.3589418659908
"1488","0381A0030",73.1,922,12.6128590971272
"1489","0381A0040",61.18,1015,16.5903890160183
"1490","0381A0050",115.53,2113,18.2896217432701
"1491","0381A0060",109.34,1454,13.2979696359978
"1492","0381A0070",201.5,2468,12.2481389578164
"1493","0381A0080",152.56,1711,11.2152595700052
"1494","0381A0090",172.88,1961,11.3431281813975
"1495","0381B2010",7.75,2019,260.516129032258
"1496","0381B3010",10.17,2269,223.107177974435
"1497","0381B4010",5.28,1211,229.356060606061
"1498","0381B5010",4.37,957,218.993135011442
"1499","0381C1010",4.4,1988,451.818181818182
"1500","0381C1020",3.54,2302,650.282485875706
"1501","0381C1030",0.6,2145,3575
"1502","0381C1040",1.67,2659,1592.21556886228
"1503","0381C1050",1.04,2684,2580.76923076923
"1504","0381C1060",0.34,1868,5494.11764705882
"1505","0381C1070",0.64,2497,3901.5625
"1506","0381C1080",5.93,2557,431.197301854975
"1507","0381C1090",0.62,2006,3235.48387096774
"1508","0381C1100",0.53,1805,3405.66037735849
"1509","0381C1110",2.51,1796,715.537848605578
"1510","0381C1120",2.45,2239,913.877551020408
"1511","0382A0010",213.05,1888,8.86176953766721
"1512","0382A0020",339.22,1389,4.09468781321856
"1513","0382A0030",270.25,1132,4.18871415356152
"1514","0382A0040",325.46,1380,4.24015239968045
"1515","0382A0050",266.97,1511,5.65981196389107
"1516","0382B2010",4.47,1012,226.398210290828
"1517","0382B2020",5.98,1822,304.682274247492
"1518","0382B3010",6.49,1641,252.850539291217
"1519","0382B3020",5.75,1121,194.95652173913
"1520","0382B4010",3.72,1273,342.204301075269
"1521","0382B4020",10.31,1327,128.709990300679
"1522","0382B5010",7.59,1603,211.198945981555
"1523","0382C1010",5.56,2167,389.748201438849
"1524","0382C1020",7.19,1452,201.947148817802
"1525","0382C1030",0.94,1454,1546.8085106383
"1526","0428A0010",141.79,1169,8.24458706537838
"1527","0428A0020",45.67,1335,29.2314429603679
"1528","0428A0030",166.95,1794,10.7457322551662
"1529","0428C1010",4.52,902,199.557522123894
"1530","0428C1020",3.23,1443,446.749226006192
"1531","0428C1030",8.16,2213,271.200980392157
"1532","0461A0010",97.62,1032,10.5716041794714
"1533","0461A0020",92.14,1434,15.5632732797916
"1534","0461A0030",94.82,927,9.77641847711453
"1535","0461A0040",167.63,1643,9.80134820736145
"1536","0461C1010",1.85,2067,1117.2972972973
"1537","0461C1020",1.41,1777,1260.28368794326
"1538","0461C1030",2.36,877,371.610169491525
"1539","0461C1040",3.26,1763,540.79754601227
"1540","0480A0010",100.93,789,7.81729911820073
"1541","0480A0020",80.21,1195,14.8983917217305
"1542","0480A0030",109.19,1508,13.8107885337485
"1543","0480A0040",158.19,1291,8.16107212845313
"1544","0480A0050",123.72,1329,10.7419980601358
"1545","0480A0060",133.55,1065,7.9745413702733
"1546","0480A0070",276.66,2252,8.13995517964288
"1547","0480A0080",190.84,1895,9.92978411234542
"1548","0480A0090",180.29,1429,7.92611903045094
"1549","0480B2010",5.22,1211,231.992337164751
"1550","0480B2020",5.76,1313,227.951388888889
"1551","0480B3010",7.02,2015,287.037037037037
"1552","0480B4010",9.92,940,94.758064516129
"1553","0480C1010",7.96,3548,445.72864321608
"1554","0480C1020",0.36,1480,4111.11111111111
"1555","0480C1030",3.99,1158,290.225563909774
"1556","0480C1040",1.49,2409,1616.77852348993
"1557","0480C1050",0.72,1892,2627.77777777778
"1558","0480C1060",1.16,2867,2471.55172413793
"1559","0480C1070",0.63,2274,3609.52380952381
"1560","0480C1080",0.29,1408,4855.1724137931
"1561","0480C1090",4.83,2306,477.432712215321
"1562","0480C1100",0.47,1649,3508.51063829787
"1563","0480C1110",0.44,2240,5090.90909090909
"1564","0480C1120",0.79,2133,2700
"1565","0480C1130",3.77,1640,435.013262599469
"1566","0480C1140",1.74,2413,1386.7816091954
"1567","0480C1150",0.78,2401,3078.20512820513
"1568","0480C1160",0.46,2452,5330.4347826087
"1569","0480C1170",0.67,969,1446.26865671642
"1570","0480C1180",0.62,1974,3183.87096774194
"1571","0480C1190",6.57,2755,419.330289193303
"1572","0481C1010",14.74,2017,136.838534599729
"1573","0481C1020",0.78,2046,2623.07692307692
"1574","0481C1030",1.56,1767,1132.69230769231
"1575","0481C1040",0.32,1715,5359.375
"1576","0481C1050",1.39,1383,994.964028776978
"1577","0481C1060",1.09,1678,1539.4495412844
"1578","0481C1070",14.41,1500,104.094378903539
"1579","0482A0010",204.59,1625,7.94271469768806
"1580","0482A0020",179.62,1714,9.542367219686
"1581","0482A0030",298.01,1611,5.40585886379652
"1582","0482B2010",6.1,2025,331.967213114754
"1583","0482B3010",9.5,1557,163.894736842105
"1584","0482C1010",5.32,989,185.902255639098
"1585","0482C1020",0.77,2260,2935.06493506494
"1586","0482C1030",2.55,1238,485.490196078431
"1587","0482C1040",2.98,1840,617.44966442953
"1588","0482C1050",8.97,809,90.1895206243032
"1589","0483A0010",192.34,1463,7.60632213788084
"1590","0483A0020",185.83,1732,9.3203465533014
"1591","0483A0030",71.13,917,12.8918880922255
"1592","0483A0040",228,1737,7.61842105263158
"1593","0483A0050",161.72,1650,10.2028196883502
"1594","0483A0060",151.33,1274,8.41868763629155
"1595","0483B2010",5.52,1493,270.471014492754
"1596","0483C1010",2.95,1098,372.203389830508
"1597","0483C1020",1.39,1526,1097.84172661871
"1598","0483C1030",1.14,1695,1486.84210526316
"1599","0483C1040",0.72,1765,2451.38888888889
"1600","0483C1050",0.32,1535,4796.875
"1601","0483C1060",3.97,2357,593.702770780856
"1602","0483C1070",3.5,1031,294.571428571429
"1603","0483C1080",0.33,2299,6966.66666666667
"1604","0483C1090",1.16,1768,1524.13793103448
"1605","0483C1100",0.23,1761,7656.52173913043
"1606","0483C1110",1.92,2373,1235.9375
"1607","0483C1120",0.19,1522,8010.52631578947
"1608","0483C1130",0.18,1741,9672.22222222222
"1609","0483C1140",6.17,1587,257.212317666126
"1610","0484A0010",200.17,1598,7.98321426787231
"1611","0484A0020",122.54,919,7.49959196996899
"1612","0484A0030",172.31,1568,9.09987812663223
"1613","0484A0040",55.33,1354,24.4713536960058
"1614","0484A0050",175.14,2180,12.4471851090556
"1615","0484A0060",115.16,2538,22.0389023966655
"1616","0484A0070",112.26,1441,12.8362729378229
"1617","0484B2010",12.18,1545,126.847290640394
"1618","0484B3010",8.5,1289,151.647058823529
"1619","0484B4010",7.99,1249,156.320400500626
"1620","0484B5010",7.01,953,135.948644793153
"1621","0484C1010",4.16,1543,370.913461538462
"1622","0484C1020",3.99,1642,411.528822055138
"1623","0484C1030",9.23,2757,298.699891657638
"1624","0484C1040",3.68,1832,497.826086956522
"1625","0484C1050",2.5,1876,750.4
"1626","0484C1060",2.8,1661,593.214285714286
"1627","0484C1070",1.32,1982,1501.51515151515
"1628","0484C1080",0.68,1575,2316.17647058824
"1629","0484C1090",0.52,2152,4138.46153846154
"1630","0484C1100",0.2,1375,6875
"1631","0484C1110",0.28,2070,7392.85714285714
"1632","0484C1120",0.46,1457,3167.39130434783
"1633","0484C1130",0.34,1804,5305.88235294118
"1634","0484C1140",1.92,1767,920.3125
"1635","0484C1150",0.16,1424,8900
"1636","0484C1160",8.29,2073,250.060313630881
"1637","0484C1170",0.16,1574,9837.5
"1638","0484C1180",0.27,1573,5825.92592592593
"1639","0484C1190",0.1,1388,13880
"1640","0484C1200",0.25,1543,6172
"1641","0484C1210",1.18,2003,1697.45762711864
"1642","0484C1220",0.08,2014,25175
"1643","0484C1230",0.24,1055,4395.83333333333
"1644","0484C1240",0.27,1615,5981.48148148148
"1645","0484C1250",0.72,1431,1987.5
"1646","0484C1260",0.2,1592,7960
"1647","0484C1270",0.37,1875,5067.56756756757
"1648","0484C1280",7.72,1821,235.880829015544
"1649","0484C1290",0.11,1500,13636.3636363636
"1650","0484C1300",1.11,2067,1862.16216216216
"1651","0484C1310",0.18,1892,10511.1111111111
"1652","0484C1320",1.2,2127,1772.5
"1653","0484C1330",0.84,1849,2201.19047619048
"1654","0484C1340",0.38,3514,9247.36842105263
"1655","0484C1350",1.16,2123,1830.1724137931
"1656","0484C1360",0.13,1387,10669.2307692308
"1657","0484C1370",0.61,1168,1914.75409836066
"1658","0484C1380",2.88,1763,612.152777777778
"1659","0484C1390",0.91,1601,1759.34065934066
"1660","0484C1400",3.48,1755,504.310344827586
"1661","0484C1410",1.7,1631,959.411764705882
"1662","0484C1420",4.8,1665,346.875
"1663","0484C1430",3.72,1786,480.10752688172
"1664","0484C1440",2.39,2113,884.100418410042
"1665","0484C1450",2.28,1673,733.771929824561
"1666","0484C1460",1.72,1784,1037.20930232558
"1667","0484C1470",2.84,1741,613.028169014084
"1668","0484C1480",0.5,1443,2886
"1669","0484C1490",11.75,2892,246.127659574468
"1670","0484C1500",14.76,2886,195.528455284553
"1671","0486A0010",95.39,2415,25.3171191948842
"1672","0486A0020",92.38,770,8.33513747564408
"1673","0486A0030",80.44,1132,14.0726006961711
"1674","0486A0040",87.91,1367,15.5499943123649
"1675","0486A0050",63.51,1119,17.6192725555031
"1676","0486A0060",96.21,711,7.39008419083255
"1677","0486A0070",95.8,1560,16.2839248434238
"1678","0486A0080",72.17,1370,18.9829569073022
"1679","0486B2010",1.95,1360,697.435897435897
"1680","0486B2020",1.88,1486,790.425531914894
"1681","0486B2030",4.38,1585,361.872146118721
"1682","0486B3010",4.45,1514,340.224719101124
"1683","0486B3020",7.54,1512,200.53050397878
"1684","0486B4010",3.76,1446,384.574468085106
"1685","0486B4020",8.68,1055,121.543778801843
"1686","0486C1010",9.02,1444,160.088691796009
"1687","0486C1020",1.36,1854,1363.23529411765
"1688","0486C1030",0.86,2228,2590.6976744186
"1689","0486C1040",1,1869,1869
"1690","0486C1050",0.65,1806,2778.46153846154
"1691","0486C1060",0.21,1791,8528.57142857143
"1692","0486C1070",0.59,1731,2933.89830508475
"1693","0486C1080",2.82,2586,917.021276595745
"1694","0486C1090",6.05,3206,529.917355371901
"1695","0488A0010",132.3,1622,12.260015117158
"1696","0488A0020",48.14,1106,22.9746572496884
"1697","0488B2010",2.16,1788,827.777777777778
"1698","0488B2020",3.77,1313,348.275862068966
"1699","0488B2030",3.73,1076,288.471849865952
"1700","0488C1010",4.37,2479,567.276887871854
"1701","0488C1020",4.59,1822,396.949891067538
"1702","0488C1030",9.61,3679,382.830385015609
"1703","0509A0010",289.24,1225,4.2352371732817
"1704","0509A0020",135.5,1333,9.83763837638376
"1705","0509C1010",4.38,1128,257.534246575342
"1706","0509C1020",4.95,1593,321.818181818182
"1707","0512A0010",466.52,1259,2.69870530738232
"1708","0512A0020",202.19,1505,7.44349374350858
"1709","0512C1010",6.63,873,131.674208144796
"1710","0513A0010",449.17,1117,2.4868090032727
"1711","0513A0020",411.61,1413,3.43286120356648
"1712","0513A0030",246.82,1278,5.17786240985333
"1713","0513B2010",7.6,1135,149.342105263158
"1714","0513B2020",1.85,1233,666.486486486486
"1715","0513C1010",3.98,1397,351.005025125628
"1716","0513C1020",5.76,862,149.652777777778
"1717","0513C1030",2.58,1557,603.488372093023
"1718","0560A0010",512.34,2105,4.10859975797322
"1719","0560C1010",6.77,1912,282.422451994092
"1720","0560C1020",6.63,1506,227.149321266968
"1721","0561A0010",253.88,1124,4.42728848274775
"1722","0561A0020",221.24,900,4.06798047369373
"1723","0561A0030",188.08,884,4.70012760527435
"1724","0561B2010",6.37,1193,187.284144427002
"1725","0561C1010",2.09,1343,642.583732057416
"1726","0561C1020",3.64,1293,355.21978021978
"1727","0561C1030",1.19,1747,1468.06722689076
"1728","0561C1040",7.58,1438,189.709762532982
"1729","0561C1050",2.51,1538,612.749003984064
"1730","0562A0010",121.6,971,7.98519736842105
"1731","0562A0020",133.8,1385,10.3512705530643
"1732","0562A0030",163.4,1735,10.6181150550796
"1733","0562A0040",111.79,983,8.79327310135075
"1734","0562A0050",233.01,1511,6.48470022745805
"1735","0562A0060",264.99,1104,4.16619495075286
"1736","0562C1010",7.97,1585,198.870765370138
"1737","0562C1020",2,1512,756
"1738","0562C1030",2.77,2047,738.98916967509
"1739","0562C1040",3.07,1621,528.013029315961
"1740","0562C1050",1.45,1382,953.103448275862
"1741","0562C1060",2.63,1840,699.619771863118
"1742","0562C1070",2.16,1896,877.777777777778
"1743","0562C1080",4.62,2122,459.307359307359
"1744","0563A0010",259.07,886,3.41992511676381
"1745","0563A0020",177.65,788,4.43568815085843
"1746","0563A0030",279.83,1832,6.54683200514598
"1747","0563B2010",5.86,1130,192.832764505119
"1748","0563C1010",6.4,1687,263.59375
"1749","0563C1020",4.73,1218,257.505285412262
"1750","0580A0010",304.36,2576,8.46366145354186
"1751","0580A0020",65.74,2012,30.6054152722848
"1752","0580A0030",119.6,2014,16.8394648829431
"1753","0580A0040",94.09,808,8.58752258475927
"1754","0580A0050",97.63,1893,19.3895319061764
"1755","0580A0060",80.79,1791,22.1685852209432
"1756","0580A0070",80.92,1385,17.1156697973307
"1757","0580A0080",40.67,1067,26.235554462749
"1758","0580A0090",53.56,1696,31.6654219566841
"1759","0580A0100",78.33,1332,17.0049789352738
"1760","0580A0110",46.07,1188,25.7868461037552
"1761","0580A0120",108.5,1201,11.0691244239631
"1762","0580A0130",120.12,900,7.49250749250749
"1763","0580B2010",4.98,1384,277.911646586345
"1764","0580B2020",1.96,1778,907.142857142857
"1765","0580B2030",2.42,1788,738.842975206612
"1766","0580B2040",1.87,1732,926.20320855615
"1767","0580B2050",6.49,2123,327.118644067797
"1768","0580B3010",2.93,1828,623.890784982935
"1769","0580B3020",4.75,1416,298.105263157895
"1770","0580B4010",3.56,1906,535.393258426966
"1771","0580B4020",6.68,1306,195.508982035928
"1772","0580B5010",5.66,2938,519.081272084806
"1773","0580B6010",4.71,1203,255.414012738854
"1774","0580B6020",1.85,2295,1240.54054054054
"1775","0580C1010",3.06,2294,749.673202614379
"1776","0580C1020",1.94,2440,1257.73195876289
"1777","0580C1030",0.93,1331,1431.18279569892
"1778","0580C1040",1.31,1296,989.312977099237
"1779","0580C1050",0.53,1763,3326.41509433962
"1780","0580C1060",11.64,1003,86.1683848797251
"1781","0580C1070",0.52,1494,2873.07692307692
"1782","0580C1080",0.76,1594,2097.36842105263
"1783","0580C1090",0.47,1658,3527.65957446809
"1784","0580C1100",1.17,1386,1184.61538461538
"1785","0580C1110",0.59,2430,4118.64406779661
"1786","0580C1120",0.77,1563,2029.87012987013
"1787","0580C1130",0.73,1767,2420.54794520548
"1788","0580C1140",4.82,1630,338.174273858921
"1789","0580C1150",0.55,1849,3361.81818181818
"1790","0580C1160",0.89,1865,2095.50561797753
"1791","0580C1170",0.42,1744,4152.38095238095
"1792","0580C1180",0.61,1469,2408.19672131148
"1793","0580C1190",0.98,3323,3390.81632653061
"1794","0580C1200",0.66,1605,2431.81818181818
"1795","0580C1210",0.62,1561,2517.74193548387
"1796","0580C1220",0.24,1924,8016.66666666667
"1797","0580C1230",1.92,4000,2083.33333333333
"1798","0580C1240",0.44,1542,3504.54545454545
"1799","0580C1250",0.22,1972,8963.63636363636
"1800","0580C1260",0.2,1345,6725
"1801","0580C1270",0.96,1419,1478.125
"1802","0580C1280",0.39,1310,3358.97435897436
"1803","0580C1290",0.44,1844,4190.90909090909
"1804","0580C1300",0.58,1798,3100
"1805","0580C1310",2.55,4043,1585.49019607843
"1806","0580C1320",0.6,1847,3078.33333333333
"1807","0580C1330",0.37,1542,4167.56756756757
"1808","0580C1340",0.36,2713,7536.11111111111
"1809","0580C1350",0.21,1504,7161.90476190476
"1810","0580C1360",0.22,1296,5890.90909090909
"1811","0580C1370",0.29,1778,6131.03448275862
"1812","0580C1380",0.3,2152,7173.33333333333
"1813","0580C1390",0.09,1203,13366.6666666667
"1814","0580C1400",0.57,1710,3000
"1815","0580C1410",0.32,1700,5312.5
"1816","0580C1420",0.57,2621,4598.24561403509
"1817","0580C1430",0.23,1548,6730.4347826087
"1818","0580C1440",0.13,1331,10238.4615384615
"1819","0580C1450",0.32,1430,4468.75
"1820","0580C1460",0.11,1765,16045.4545454545
"1821","0580C1470",0.38,1877,4939.47368421053
"1822","0580C1480",0.17,1505,8852.94117647059
"1823","0580C1490",11.47,1651,143.940714908457
"1824","0580C1500",0.12,1553,12941.6666666667
"1825","0580C1510",1.66,1747,1052.40963855422
"1826","0580C1520",0.21,1651,7861.90476190476
"1827","0580C1530",2.44,1484,608.196721311475
"1828","0580C1540",0.41,1653,4031.70731707317
"1829","0580C1550",0.16,1551,9693.75
"1830","0580C1560",0.15,1714,11426.6666666667
"1831","0580C1570",0.12,1559,12991.6666666667
"1832","0580C1580",5.53,1963,354.97287522604
"1833","0580C1590",0.32,1554,4856.25
"1834","0580C1600",0.52,3458,6650
"1835","0580C1610",0.39,2082,5338.46153846154
"1836","0580C1620",3.18,1683,529.245283018868
"1837","0580C1630",0.35,1861,5317.14285714286
"1838","0580C1640",2.76,1394,505.072463768116
"1839","0580C1650",2.7,1495,553.703703703704
"1840","0580C1660",0.22,2174,9881.81818181818
"1841","0580C1670",6.39,1803,282.159624413146
"1842","0580C1680",0.19,2140,11263.1578947368
"1843","0580C1690",3.16,1890,598.101265822785
"1844","0581A0010",84.7,1484,17.5206611570248
"1845","0581A0020",240.45,1622,6.74568517363277
"1846","0581A0030",171.76,1851,10.7766651141127
"1847","0581A0040",79.3,1872,23.6065573770492
"1848","0581A0050",165.41,1433,8.66332144368539
"1849","0581A0060",77.61,2810,36.2066743976292
"1850","0581A0070",109.74,2086,19.0085657007472
"1851","0581A0080",58.72,1509,25.6982288828338
"1852","0581A0090",143.91,983,6.83065805017025
"1853","0581A0100",214.89,1776,8.2646935641491
"1854","0581B2010",5.46,1793,328.388278388278
"1855","0581B2020",4.57,1241,271.553610503282
"1856","0581B2030",2.24,1363,608.482142857143
"1857","0581B2040",0.84,1787,2127.38095238095
"1858","0581B2050",2.82,928,329.078014184397
"1859","0581B3010",8.96,1686,188.169642857143
"1860","0581B3020",2.32,1814,781.896551724138
"1861","0581B3030",11.38,2396,210.544815465729
"1862","0581B4010",4.6,1259,273.695652173913
"1863","0581B4020",2.04,2204,1080.39215686274
"1864","0581B4030",11.19,1896,169.436997319035
"1865","0581B5010",9.12,1663,182.34649122807
"1866","0581B5020",5.89,2489,422.58064516129
"1867","0581C1010",5.87,752,128.109028960818
"1868","0581C1020",2.87,2216,772.12543554007
"1869","0581C1030",2.53,2608,1030.83003952569
"1870","0581C1040",1.82,893,490.659340659341
"1871","0581C1050",1.7,1664,978.823529411765
"1872","0581C1060",2.93,2299,784.641638225256
"1873","0581C1070",1.19,2166,1820.16806722689
"1874","0581C1080",2.14,2015,941.588785046729
"1875","0581C1090",0.32,1533,4790.625
"1876","0581C1100",0.23,1430,6217.39130434783
"1877","0581C1110",1.4,1531,1093.57142857143
"1878","0581C1120",0.17,1885,11088.2352941176
"1879","0581C1130",0.22,888,4036.36363636364
"1880","0581C1140",0.59,1724,2922.03389830508
"1881","0581C1150",0.25,1648,6592
"1882","0581C1160",0.21,1216,5790.47619047619
"1883","0581C1170",0.24,2403,10012.5
"1884","0581C1180",1.25,1172,937.6
"1885","0581C1190",0.41,1867,4553.65853658537
"1886","0581C1200",1.14,2794,2450.87719298246
"1887","0581C1210",1.83,1866,1019.67213114754
"1888","0581C1220",0.38,1812,4768.42105263158
"1889","0581C1230",0.52,1829,3517.30769230769
"1890","0581C1240",0.25,2636,10544
"1891","0581C1250",3.53,2523,714.730878186969
"1892","0581C1260",0.42,2699,6426.19047619048
"1893","0581C1270",0.15,1850,12333.3333333333
"1894","0581C1280",0.35,2223,6351.42857142857
"1895","0581C1290",0.7,2124,3034.28571428571
"1896","0581C1300",0.28,1652,5900
"1897","0581C1310",0.37,2361,6381.08108108108
"1898","0581C1320",0.22,2339,10631.8181818182
"1899","0581C1330",0.13,1773,13638.4615384615
"1900","0581C1340",0.18,2026,11255.5555555556
"1901","0581C1350",0.12,1788,14900
"1902","0581C1360",0.17,2115,12441.1764705882
"1903","0581C1370",0.19,1977,10405.2631578947
"1904","0581C1380",0.79,1901,2406.32911392405
"1905","0581C1390",0.06,1661,27683.3333333333
"1906","0581C1400",0.11,1325,12045.4545454545
"1907","0581C1410",0.08,1900,23750
"1908","0581C1420",0.23,1750,7608.69565217391
"1909","0581C1430",0.2,2445,12225
"1910","0581C1440",3.73,1753,469.973190348525
"1911","0581C1450",7.59,2235,294.466403162055
"1912","0581C1460",0.21,1740,8285.71428571429
"1913","0581C1470",0.29,1713,5906.89655172414
"1914","0581C1480",2.36,1927,816.525423728814
"1915","0581C1490",0.43,1777,4132.55813953488
"1916","0581C1500",0.17,1901,11182.3529411765
"1917","0581C1510",0.28,1805,6446.42857142857
"1918","0581C1520",0.41,1919,4680.48780487805
"1919","0581C1530",0.74,1562,2110.81081081081
"1920","0581C1540",4.69,1925,410.44776119403
"1921","0581C1550",1.12,2143,1913.39285714286
"1922","0581C1560",15.91,1539,96.7316153362665
"1923","0582A0010",318.97,2323,7.28281656582124
"1924","0582A0020",194.17,1856,9.55863418653757
"1925","0582A0030",134,1639,12.2313432835821
"1926","0582B2010",9.6,1275,132.8125
"1927","0582C1010",5.63,1331,236.412078152753
"1928","0582C1020",0.88,1632,1854.54545454545
"1929","0582C1030",0.98,1853,1890.81632653061
"1930","0582C1040",6.3,1174,186.349206349206
"1931","0582C1050",3.06,1784,583.006535947712
"1932","0583A0010",78.16,1447,18.5133060388946
"1933","0583A0020",44.7,1060,23.7136465324385
"1934","0583A0030",64.49,1234,19.1347495735773
"1935","0583A0040",68.64,1033,15.0495337995338
"1936","0583A0050",113.12,1474,13.0304101838755
"1937","0583A0060",179.91,1072,5.95853482296704
"1938","0583A0070",391.06,1674,4.28067304249987
"1939","0583B2010",4.81,1092,227.027027027027
"1940","0583B2020",3.28,2053,625.914634146342
"1941","0583C1010",4.88,2418,495.491803278689
"1942","0583C1020",0.55,2271,4129.09090909091
"1943","0583C1030",1.83,2144,1171.58469945355
"1944","0583C1040",4.09,2030,496.332518337408
"1945","0583C1050",0.67,1711,2553.73134328358
"1946","0583C1060",0.66,1694,2566.66666666667
"1947","0583C1070",1.79,2443,1364.80446927374
"1948","0583C1080",0.49,2139,4365.30612244898
"1949","0583C1090",2.42,2525,1043.38842975207
"1950","0583C1100",1.65,1965,1190.90909090909
"1951","0583C1110",0.99,2689,2716.16161616162
"1952","0583C1120",1.22,2188,1793.44262295082
"1953","0583C1130",1.04,2024,1946.15384615385
"1954","0583C1140",7,2187,312.428571428571
"1955","0583C1150",5.49,1161,211.475409836066
"1956","0584A0010",182.75,1604,8.77701778385773
"1957","0584C1010",3.64,2048,562.637362637363
"1958","0584C1020",1.71,1241,725.730994152047
"1959","0584C1030",1.91,1405,735.602094240838
"1960","0584C1040",1.58,1136,718.987341772152
"1961","0586A0010",176.55,1209,6.84791843670348
"1962","0586A0020",87.46,1523,17.4136748227761
"1963","0586A0030",136.69,1609,11.771161021289
"1964","0586A0040",95.84,1323,13.8042570951586
"1965","0586C1010",2.39,1451,607.112970711297
"1966","0586C1020",1.52,1672,1100
"1967","0586C1030",3.91,1885,482.097186700767
"1968","0586C1040",0.34,1280,3764.70588235294
"1969","0586C1050",0.67,1274,1901.49253731343
"1970","0586C1060",4.88,1329,272.33606557377
"1971","0586C1070",0.66,1485,2250
"1972","0586C1080",3.8,1959,515.526315789474
"1973","0586C1090",4.4,2059,467.954545454545
"1974","0586C2010",9.1,1515,166.483516483516
"1975","0586C2020",6.04,1728,286.092715231788
"1976","0586C2030",2.89,1831,633.56401384083
"1977","0586C3010",5,1416,283.2
"1978","0586C3020",4.75,2028,426.947368421053
"1979","0604A0010",227.99,1419,6.22395719110487
"1980","0604A0020",276.47,1724,6.23575794842117
"1981","0604C1010",4.39,2342,533.485193621868
"1982","0604C1020",8.85,1367,154.463276836158
"1983","0617A0010",202.9,1559,7.68358797437161
"1984","0617A0020",187.22,1365,7.29088772567033
"1985","0617B2010",14.77,1967,133.175355450237
"1986","0617C1010",8.19,1215,148.351648351648
"1987","0617C1020",5.06,1907,376.877470355731
"1988","0617C1030",2.32,1233,531.465517241379
"1989","0642A0010",186.08,1671,8.98000859845228
"1990","0642C1010",7.44,1947,261.693548387097
"1991","0642C1020",3.13,1896,605.750798722045
"1992","0642C1030",3.47,2063,594.524495677233
"1993","0643A0010",134.01,1946,14.5213043802701
"1994","0643A0020",178.51,1867,10.4587978264523
"1995","0643C1010",3.5,1428,408
"1996","0643C1020",2.81,2626,934.519572953737
"1997","0643C1030",3.11,1773,570.096463022508
"1998","0643C1040",2.85,2113,741.40350877193
"1999","0643C1050",3.7,1522,411.351351351351
"2000","0662A0010",135.01,949,7.02910895489223
"2001","0662A0020",225.65,1334,5.91181032572568
"2002","0662A0030",313.92,1877,5.97923037716616
"2003","0662A0040",385.88,1536,3.98051207629315
"2004","0662B2010",1.47,2134,1451.70068027211
"2005","0662B2020",7.97,1062,133.249686323714
"2006","0662B2030",4.93,1380,279.918864097363
"2007","0662B3010",7.74,1357,175.322997416021
"2008","0662B4010",7.29,1334,182.990397805213
"2009","0662B5010",9.04,930,102.87610619469
"2010","0662C1010",6.23,1571,252.166934189406
"2011","0662C1020",1.5,1595,1063.33333333333
"2012","0662C1030",9.87,1867,189.159067882472
"2013","0662C1040",2.86,1820,636.363636363636
"2014","0662C1050",6.74,1393,206.676557863501
"2015","0662C1060",1.96,1653,843.367346938776
"2016","0662C1070",3.26,1643,503.98773006135
"2017","0662C1080",1.43,1795,1255.24475524476
"2018","0662C1090",3.37,1784,529.376854599407
"2019","0665A0010",332.49,1802,5.41971187103371
"2020","0665A0020",182.93,1466,8.01399442409665
"2021","0665A0030",282.34,1453,5.14627753772048
"2022","0665C1010",6.31,1511,239.46117274168
"2023","0665C1020",4.11,2142,521.167883211679
"2024","0665C1030",3.58,2134,596.08938547486
"2025","0665C2010",4.1,2353,573.90243902439
"2026","0665C2020",8.72,1950,223.623853211009
"2027","0680A0010",183.5,1916,10.441416893733
"2028","0680A0020",334.47,1659,4.96008610637725
"2029","0680A0030",117.82,1265,10.7367170259718
"2030","0680A0040",144.52,1348,9.3274287295876
"2031","0680A0050",144.12,2558,17.7490979739106
"2032","0680A0060",62.3,1285,20.6260032102729
"2033","0680A0070",154.64,2611,16.884376616658
"2034","0680A0080",47.2,1707,36.1652542372881
"2035","0680A0090",120.63,1465,12.144574318163
"2036","0680A0100",24.98,684,27.3819055244195
"2037","0680B2010",3.9,1726,442.564102564103
"2038","0680B2020",4.56,1396,306.140350877193
"2039","0680B3010",4.27,1783,417.564402810305
"2040","0680B3020",4.84,1221,252.272727272727
"2041","0680B4010",3.93,1048,266.666666666667
"2042","0680B4020",2.94,1653,562.244897959184
"2043","0680C1010",5.92,1410,238.175675675676
"2044","0680C1020",3.39,2037,600.884955752212
"2045","0680C1030",3.61,1616,447.645429362881
"2046","0680C1040",5.38,2352,437.174721189591
"2047","0680C1050",5.72,2623,458.566433566434
"2048","0680C1060",3.73,2218,594.638069705094
"2049","0680C1070",2.67,3393,1270.78651685393
"2050","0680C1080",2.59,2137,825.096525096525
"2051","0680C1090",0.34,1398,4111.76470588235
"2052","0680C1100",0.42,1684,4009.52380952381
"2053","0680C1110",7.95,2142,269.433962264151
"2054","0680C1120",1.09,1651,1514.67889908257
"2055","0680C1130",5.5,2362,429.454545454545
"2056","0680C1140",2.54,1547,609.055118110236
"2057","0680C1150",0.56,1822,3253.57142857143
"2058","0680C1160",5.44,3329,611.948529411765
"2059","0680C1170",0.19,1387,7300
"2060","0680C1180",3.34,3187,954.191616766467
"2061","0680C1190",1.93,1966,1018.65284974093
"2062","0680C1200",0.38,3042,8005.26315789474
"2063","0680C1210",3.62,2628,725.966850828729
"2064","0680C1220",0.52,1730,3326.92307692308
"2065","0680C1230",0.43,1617,3760.46511627907
"2066","0680C1240",0.46,2731,5936.95652173913
"2067","0680C1250",0.18,1836,10200
"2068","0680C1260",0.67,2406,3591.0447761194
"2069","0680C1270",0.61,1908,3127.86885245902
"2070","0680C1280",0.69,1935,2804.34782608696
"2071","0680C1290",0.83,1772,2134.93975903614
"2072","0680C1300",0.1,1877,18770
"2073","0680C1310",0.48,1578,3287.5
"2074","0680C1320",0.36,1477,4102.77777777778
"2075","0680C1330",0.66,1815,2750
"2076","0680C1340",0.23,2464,10713.0434782609
"2077","0680C1350",0.33,2049,6209.09090909091
"2078","0680C1360",0.42,2235,5321.42857142857
"2079","0680C1370",0.12,1596,13300
"2080","0680C1380",0.54,1836,3400
"2081","0680C1390",1.16,2173,1873.27586206897
"2082","0680C1400",0.32,2026,6331.25
"2083","0680C1410",0.77,1772,2301.2987012987
"2084","0680C1420",0.49,1616,3297.95918367347
"2085","0680C1430",0.25,2028,8112
"2086","0680C1440",1.42,1359,957.042253521127
"2087","0680C1450",1.47,2254,1533.33333333333
"2088","0680C1460",0.57,1570,2754.38596491228
"2089","0680C1470",0.78,1880,2410.25641025641
"2090","0680C1480",1.69,2664,1576.33136094675
"2091","0680C1490",0.72,1783,2476.38888888889
"2092","0680C1500",6.07,2380,392.092257001647
"2093","0680C1510",1.71,2165,1266.08187134503
"2094","0680C1520",2.95,2799,948.813559322034
"2095","0680C1530",1.28,2113,1650.78125
"2096","0680C1540",6.15,2309,375.447154471545
"2097","0680C1550",9.1,2282,250.769230769231
"2098","0680C1560",1.78,2643,1484.83146067416
"2099","0680C1570",6.59,1981,300.606980273141
"2100","0680C1580",1.55,2246,1449.03225806452
"2101","0682A0010",150.8,894,5.92838196286472
"2102","0682A0020",144.13,1700,11.7949073752862
"2103","0682A0030",225.12,1056,4.6908315565032
"2104","0682A0040",81.51,1517,18.6112133480555
"2105","0682A0050",130.34,1065,8.17093754795151
"2106","0682A0060",149.3,1388,9.2967180174146
"2107","0682B2010",4.48,1295,289.0625
"2108","0682B2020",2.51,965,384.462151394422
"2109","0682B3010",4.06,1126,277.339901477833
"2110","0682B3020",4.48,815,181.919642857143
"2111","0682B4010",7.76,1103,142.139175257732
"2112","0682C1010",5.6,1617,288.75
"2113","0682C1020",3.02,1528,505.960264900662
"2114","0682C1030",0.92,1923,2090.21739130435
"2115","0682C1040",4.32,2323,537.731481481481
"2116","0682C1050",0.48,2281,4752.08333333333
"2117","0682C1060",1.2,2214,1845
"2118","0682C1070",5.86,2386,407.167235494881
"2119","0682C1080",0.66,2176,3296.9696969697
"2120","0682C1090",3.82,2276,595.811518324607
"2121","0683A0010",195.39,1264,6.4691130559394
"2122","0683A0020",86.12,833,9.67254993032977
"2123","0683A0030",244.03,2039,8.35553005777978
"2124","0683A0040",185.28,1345,7.25928324697755
"2125","0683A0050",116.96,1346,11.5082079343365
"2126","0683A0060",331.79,1433,4.31899695590584
"2127","0683B2010",7.62,1556,204.199475065617
"2128","0683B3010",8.55,1514,177.076023391813
"2129","0683B4010",7.07,1454,205.657708628006
"2130","0683B5010",7.1,1308,184.225352112676
"2131","0683C1010",1.47,1381,939.455782312925
"2132","0683C1020",1.92,1451,755.729166666667
"2133","0683C1030",2.04,1856,909.803921568627
"2134","0683C1040",3.5,1765,504.285714285714
"2135","0683C1050",2.09,2040,976.076555023924
"2136","0683C1060",0.66,1118,1693.93939393939
"2137","0683C1070",3.23,2398,742.414860681115
"2138","0683C1080",1.08,2183,2021.2962962963
"2139","0683C1090",0.6,1713,2855
"2140","0683C1100",3.52,1313,373.011363636364
"2141","0683C1110",3.35,1141,340.597014925373
"2142","0683C1120",3.71,2150,579.514824797844
"2143","0684A0010",292.3,1851,6.33253506671228
"2144","0684A0020",359.96,1594,4.42826980775642
"2145","0684B2010",7.81,1541,197.311139564661
"2146","0684B3010",6.69,1051,157.100149476831
"2147","0684C1010",3.88,1387,357.474226804124
"2148","0684C1020",5.25,1671,318.285714285714
"2149","0684C1030",3.08,2573,835.38961038961
"2150","0685A0010",360.03,1490,4.13854401022137
"2151","0685A0020",212.83,1241,5.83094488558944
"2152","0685A0030",172.98,1290,7.45750953867499
"2153","0685A0040",68.55,954,13.9168490153173
"2154","0685A0050",197.11,1167,5.92055197605398
"2155","0685A0060",248.09,2004,8.07771373291951
"2156","0685A0070",189.52,1023,5.3978471929084
"2157","0685B2010",8.79,1640,186.575654152446
"2158","0685B3010",9.94,1445,145.372233400402
"2159","0685B4010",9.3,1228,132.043010752688
"2160","0685C1010",6.12,2701,441.339869281046
"2161","0685C1020",2.89,1940,671.280276816609
"2162","0685C1030",2.1,1522,724.761904761905
"2163","0685C1040",1.42,1762,1240.84507042254
"2164","0685C1050",2.65,2003,755.849056603774
"2165","0685C1060",4.59,1667,363.18082788671
"2166","0685C1070",3.36,2421,720.535714285714
"2167","0686A0010",336.84,1970,5.84847405296283
"2168","0686A0020",160.19,996,6.21761658031088
"2169","0686A0030",273.23,2133,7.80660981590601
"2170","0686B2010",8.76,1530,174.657534246575
"2171","0686C1010",3.02,1493,494.370860927152
"2172","0686C1020",4.43,1853,418.284424379233
"2173","0686C1030",3.04,1917,630.592105263158
"2174","0686C1040",2.08,2043,982.211538461538
"2175","0686C1050",5.54,2342,422.743682310469
"2176","0686C1060",2.27,1473,648.898678414097
"2177","0687A0010",121.88,1122,9.2057761732852
"2178","0687A0020",204.34,1170,5.72575119898209
"2179","0687A0030",49.48,1497,30.2546483427648
"2180","0687C1010",6,1904,317.333333333333
"2181","0687C1020",1.37,2065,1507.29927007299
"2182","0687C1030",5.17,2214,428.239845261122
"2183","0687C1040",8.03,2079,258.904109589041
"2184","0687C1050",0.67,1571,2344.77611940298
"2185","0687C1060",0.4,2336,5840
"2186","0687C1070",2.88,1670,579.861111111111
"2187","0687C1080",2.36,1127,477.542372881356
"2188","0760A0010",707.91,2483,3.50750801655578
"2189","0760A0020",434.56,1102,2.53589837997054
"2190","0760B2010",10.05,1733,172.437810945274
"2191","0760B3010",8.37,1203,143.727598566308
"2192","0760C1010",6.3,1045,165.873015873016
"2193","0760C1020",4.65,1697,364.94623655914
"2194","0761A0010",387.1,1353,3.49522087315939
"2195","0761B2010",4.16,1601,384.855769230769
"2196","0761B2020",4.16,1627,391.105769230769
"2197","0761B3010",8.29,860,103.739445114596
"2198","0761C1010",7.04,1381,196.164772727273
"2199","0761C1020",1.78,1520,853.932584269663
"2200","0763A0010",110.86,1057,9.53454807865777
"2201","0763A0020",171.27,690,4.02872657207917
"2202","0763A0030",175.13,1826,10.4265402843602
"2203","0763A0040",242.17,2132,8.8037329148945
"2204","0763A0050",325.08,1898,5.838562815307
"2205","0763B2010",8.1,1361,168.024691358025
"2206","0763C1010",8.61,1564,181.649245063879
"2207","0763C1020",3.37,1627,482.789317507418
"2208","0764A0010",188.45,1080,5.73096312019103
"2209","0764A0020",122.17,1540,12.6053859376279
"2210","0764A0030",207.02,1284,6.20229929475413
"2211","0764A0040",176.94,1555,8.78828981575675
"2212","0764A0050",238.93,1230,5.14795128280249
"2213","0764B2010",6,876,146
"2214","0764B2020",8.07,1371,169.888475836431
"2215","0764B3010",10.91,1878,172.135655362053
"2216","0764C1010",2.48,1823,735.08064516129
"2217","0764C1020",2.83,1865,659.010600706714
"2218","0764C1030",4.65,1964,422.365591397849
"2219","0764C1040",2.3,1923,836.086956521739
"2220","0764C1050",3.18,1651,519.182389937107
"2221","0765A0010",278.38,1368,4.91414613118759
"2222","0765A0020",383.75,2325,6.0586319218241
"2223","0765A0030",195.78,1556,7.94769639391153
"2224","0765B2010",11.5,1528,132.869565217391
"2225","0765C1010",4.28,1956,457.009345794393
"2226","0765C1020",5.99,2055,343.071786310517
"2227","0765C1030",2.53,2602,1028.45849802372
"2228","0765C1040",3.02,2278,754.304635761589
"2229","0765C1050",5.21,2264,434.548944337812
"2230","0767A0010",482.32,2016,4.1797976447172
"2231","0767B2010",12.53,2299,183.479648842777
"2232","0767B2020",4.6,688,149.565217391304
"2233","0767C1010",6.86,2320,338.192419825073
"2234","0767C1020",4.95,2089,422.020202020202
"2235","0767C1030",5.75,664,115.478260869565
"2236","0780A0010",167.06,1114,6.66826289955705
"2237","0780A0020",118.65,1706,14.3784239359461
"2238","0780A0030",195.02,2218,11.3731924930776
"2239","0780A0040",111.79,2009,17.9711959924859
"2240","0780A0050",109.94,1379,12.5432053847553
"2241","0780A0060",415.43,2029,4.88409599691886
"2242","0780A0070",129.2,1871,14.4814241486068
"2243","0780A0080",317.21,1613,5.08495949055831
"2244","0780B2010",4.25,1436,337.882352941176
"2245","0780B2020",2.2,1073,487.727272727273
"2246","0780B3010",8.73,1935,221.649484536082
"2247","0780B4010",6.81,1695,248.898678414097
"2248","0780B5010",5.71,1643,287.740805604203
"2249","0780B6010",11.89,1620,136.248948696384
"2250","0780C1010",1.96,2389,1218.87755102041
"2251","0780C1020",2.29,3588,1566.81222707424
"2252","0780C1030",0.67,1411,2105.97014925373
"2253","0780C1040",1.63,1739,1066.87116564417
"2254","0780C1050",0.13,1491,11469.2307692308
"2255","0780C1060",1.2,2748,2290
"2256","0780C1070",0.85,3081,3624.70588235294
"2257","0780C1080",1.08,1475,1365.74074074074
"2258","0780C1090",1.52,2113,1390.13157894737
"2259","0780C1100",2.74,2289,835.401459854015
"2260","0780C1110",0.39,1333,3417.94871794872
"2261","0780C1120",0.4,1701,4252.5
"2262","0780C1130",3.61,1445,400.277008310249
"2263","0780C1140",0.69,1643,2381.15942028986
"2264","0780C1150",0.5,1727,3454
"2265","0780C1160",0.38,1960,5157.8947368421
"2266","0780C1170",5.17,2171,419.922630560928
"2267","0780C1180",0.29,1542,5317.24137931035
"2268","0780C1190",0.34,2320,6823.52941176471
"2269","0780C1200",3.65,3233,885.753424657534
"2270","0780C1210",0.88,2672,3036.36363636364
"2271","0780C1220",3.45,1765,511.594202898551
"2272","0780C1230",0.29,2687,9265.51724137931
"2273","0780C1240",0.31,2189,7061.29032258064
"2274","0780C1250",0.47,1995,4244.68085106383
"2275","0780C1260",0.91,2094,2301.0989010989
"2276","0780C1270",1.36,1402,1030.88235294118
"2277","0780C1280",0.34,2182,6417.64705882353
"2278","0780C1290",2.04,1601,784.803921568627
"2279","0780C1300",0.73,2442,3345.20547945205
"2280","0780C1310",4.87,2284,468.993839835729
"2281","0780C1320",1.25,2035,1628
"2282","0780C1330",3.22,1796,557.763975155279
"2283","0780C1340",3.31,2194,662.839879154079
"2284","0780C1350",3.43,1295,377.551020408163
"2285","0780C1360",4.76,2201,462.394957983193
"2286","0781A0010",327.49,2214,6.7605117713518
"2287","0781A0020",496.13,1900,3.82964142462661
"2288","0781A0030",322.18,2271,7.04885467750947
"2289","0781A0040",278.21,2167,7.78908019122246
"2290","0781A0050",290.99,1853,6.36791642324479
"2291","0781B2010",8.26,1722,208.474576271186
"2292","0781C1010",3.27,1300,397.553516819572
"2293","0781C1020",2.38,2054,863.025210084034
"2294","0781C1030",1.57,2206,1405.09554140127
"2295","0781C1040",6.56,2175,331.55487804878
"2296","0781C1050",3.08,2265,735.38961038961
"2297","0781C1060",0.86,2138,2486.04651162791
"2298","0781C1070",2.14,2345,1095.79439252336
"2299","0781C1080",4.87,1694,347.843942505133
"2300","0821A0010",233.66,1245,5.32825472909355
"2301","0821A0020",298.53,1080,3.61772686162195
"2302","0821A0030",210.08,1124,5.35034272658035
"2303","0821C1010",8.77,1989,226.795895096921
"2304","0834A0010",94.53,1000,10.5786522796996
"2305","0834A0020",339.51,1719,5.06317928779712
"2306","0834B2010",12.11,1169,96.5317919075145
"2307","0834B3010",8.65,1001,115.722543352601
"2308","0834C1010",13.65,2113,154.798534798535
"2309","0840A0010",173.97,923,5.30551244467437
"2310","0840A0020",197.12,1498,7.59943181818182
"2311","0840A0030",241.41,2183,9.04270742719854
"2312","0840B2010",2.81,2581,918.505338078292
"2313","0840B2020",15.66,1822,116.347381864623
"2314","0840B2030",1.13,1548,1369.91150442478
"2315","0840B2040",2.13,1812,850.704225352113
"2316","0840B2050",24.71,1941,78.5511938486443
"2317","0840C1010",7.42,1836,247.43935309973
"2318","0860A0010",280.61,1302,4.63989166458786
"2319","0860A0020",469.77,1212,2.57998595057156
"2320","0860A0030",223.49,1140,5.10089936909929
"2321","0860A0040",104.19,997,9.56905653133698
"2322","0860B2010",10.62,1757,165.442561205273
"2323","0860B3010",18.56,1826,98.3836206896552
"2324","0860C1010",3.14,1545,492.03821656051
"2325","0860C1020",1.65,1633,989.69696969697
"2326","0860C1030",9.37,2471,263.713980789755
"2327","0861A0010",146.69,1209,8.24187061149363
"2328","0861A0020",157.45,1090,6.92283264528422
"2329","0861A0030",250.99,1427,5.68548547750906
"2330","0861B2010",7.16,824,115.083798882682
"2331","0861B2020",11.07,1543,139.385727190605
"2332","0861B3010",6.39,1427,223.317683881064
"2333","0861C1010",5.97,1179,197.48743718593
"2334","0861C1020",3.19,1308,410.031347962382
"2335","0861C1030",1.16,1457,1256.03448275862
"2336","0861C1040",8.24,1670,202.669902912621
"2337","0862A0010",259.93,1649,6.34401569653368
"2338","0862A0020",108.48,857,7.90007374631268
"2339","0862A0030",303.6,1625,5.35243741765481
"2340","0862C1010",5.69,1270,223.198594024605
"2341","0862C1020",5.99,2013,336.060100166945
"2342","0862C1030",5.82,1642,282.13058419244
"2343","0880A0010",121.43,1544,12.7151445277114
"2344","0880A0020",123.22,919,7.45820483687713
"2345","0880A0030",38.65,1024,26.4941785252264
"2346","0880A0040",129.77,1141,8.79247900131001
"2347","0880A0050",143.13,1374,9.59966464053658
"2348","0880A0060",133.37,1791,13.4288070780535
"2349","0880A0070",164.05,2942,17.9335568424261
"2350","0880B2010",7.31,1919,262.517099863201
"2351","0880B2020",5.71,1419,248.511383537653
"2352","0880B2030",2.61,1467,562.068965517241
"2353","0880B2040",3.86,1660,430.051813471503
"2354","0880B3010",16.52,1168,70.7021791767555
"2355","0880B3020",13.73,2453,178.659868900218
"2356","0880B4010",11.08,1702,153.610108303249
"2357","0880C1010",1.11,1441,1298.1981981982
"2358","0880C1020",1.69,2223,1315.38461538462
"2359","0880C1030",0.94,1953,2077.65957446809
"2360","0880C1040",0.45,1552,3448.88888888889
"2361","0880C1050",0.33,1846,5593.93939393939
"2362","0880C1060",0.18,1176,6533.33333333333
"2363","0880C1070",1.8,1616,897.777777777778
"2364","0880C1080",1.3,1952,1501.53846153846
"2365","0880C1090",0.59,2353,3988.13559322034
"2366","0880C1100",0.45,1596,3546.66666666667
"2367","0880C1110",0.48,1436,2991.66666666667
"2368","0880C1120",0.47,2144,4561.70212765958
"2369","0880C1130",1.87,1310,700.534759358289
"2370","0880C1140",3.81,886,232.54593175853
"2371","0880C1150",0.49,1768,3608.16326530612
"2372","0880C1160",0.34,960,2823.52941176471
"2373","0880C1170",1.45,2410,1662.06896551724
"2374","0880C1180",1.62,2441,1506.79012345679
"2375","0880C1190",0.87,2992,3439.08045977011
"2376","0880C1200",5.89,3176,539.219015280136
"2377","0880C1210",0.44,1852,4209.09090909091
"2378","0880C1220",0.49,2014,4110.20408163265
"2379","0880C1230",1.01,1283,1270.29702970297
"2380","0880C1240",1.76,1252,711.363636363636
"2381","0880C1250",2.97,1429,481.144781144781
"2382","0880C1260",2.91,2094,719.587628865979
"2383","0880C1270",1.86,1122,603.225806451613
"2384","0880C1280",3.91,1504,384.6547314578
"2385","0881A0010",150.26,1004,6.68175163050712
"2386","0881A0020",137.62,1032,7.49891004214504
"2387","0881A0030",458.13,2252,4.91563530002401
"2388","0881A0040",390.4,1327,3.39907786885246
"2389","0881B2010",10.03,918,91.5254237288136
"2390","0881C1010",2.78,1738,625.179856115108
"2391","0881C1020",1.48,1666,1125.67567567568
"2392","0881C1030",2.78,1696,610.071942446043
"2393","0881C1040",6.98,1160,166.189111747851
"2394","0881C1050",1,1770,1770
"2395","0881C1060",3.29,1544,469.300911854103
"2396","0881C1070",0.62,1816,2929.03225806452
"2397","0881C1080",6.46,2222,343.962848297214
"2398","0882A0010",312,2496,8
"2399","0882A0020",42.29,930,21.9910144242138
"2400","0882A0030",641.1,2157,3.36452971455311
"2401","0882B2010",7.69,1417,184.265279583875
"2402","0882B3010",8.79,951,108.191126279863
"2403","0882C1010",3.22,2320,720.496894409938
"2404","0882C1020",3.34,1419,424.850299401198
"2405","0882C1030",1.81,1446,798.895027624309
"2406","0882C1040",3.81,1252,328.608923884514
"2407","0882C1050",1.72,1015,590.116279069767
"2408","0882C1060",2.08,1153,554.326923076923
"2409","0882C1070",0.8,1599,1998.75
"2410","0882C1080",0.34,1883,5538.23529411765
"2411","0882C1090",5.12,1562,305.078125
"2412","0882C1100",1.69,1678,992.899408284024
"2413","0882C1110",2.48,1394,562.096774193548
"2414","0882C1120",6.69,2246,335.724962630792
"2415","0883A0010",316.48,1371,4.33202730030334
"2416","0883A0020",342.83,1789,5.21832978444127
"2417","0883A0030",332.54,1259,3.78601070547904
"2418","0883A0040",150.55,850,5.64596479574892
"2419","0883A0050",381.13,1268,3.32694881011728
"2420","0883A0060",291.64,1253,4.29639281305719
"2421","0883B2010",8.6,1404,163.255813953488
"2422","0883B2020",1.72,1409,819.186046511628
"2423","0883B3010",6.57,1209,184.018264840183
"2424","0883B4010",7.41,1099,148.313090418354
"2425","0883B5010",6.04,1026,169.867549668874
"2426","0883C1010",5.32,1916,360.15037593985
"2427","0883C1020",2.51,1632,650.199203187251
"2428","0883C1030",1.52,1846,1214.47368421053
"2429","0883C1040",0.37,1473,3981.08108108108
"2430","0883C1050",0.22,1221,5550
"2431","0883C1060",0.44,1027,2334.09090909091
"2432","0883C1070",4.08,2513,615.93137254902
"2433","0883C1080",0.47,1786,3800
"2434","0883C1090",0.42,1619,3854.76190476191
"2435","0883C1100",0.22,898,4081.81818181818
"2436","0883C1110",1.13,1549,1370.79646017699
"2437","0883C1120",6.84,1671,244.298245614035
"2438","0883C1130",2.78,1391,500.359712230216
"2439","0883C1140",2.07,1955,944.444444444445
"2440","0884A0010",299.51,1811,6.04654268638777
"2441","0884A0020",453.47,1742,3.84148896288619
"2442","0884A0030",355.1,1546,4.3537031822022
"2443","0884B2010",6.89,1136,164.876632801161
"2444","0884B3010",6.53,957,146.554364471669
"2445","0884C1010",1.7,1619,952.352941176471
"2446","0884C1020",8.9,1357,152.47191011236
"2447","0884C1030",1.52,1931,1270.39473684211
"2448","0884C1040",3.44,1771,514.825581395349
"2449","0884C1050",3.14,1591,506.687898089172
"2450","0885A0010",129.61,1389,10.7167656816604
"2451","0885A0020",81.6,1346,16.4950980392157
"2452","0885A0030",190.62,1327,6.96149407197566
"2453","0885A0040",251.72,2350,9.3357699030669
"2454","0885C1010",3.38,1589,470.118343195266
"2455","0885C1020",2.22,1635,736.486486486486
"2456","0885C1030",17.82,1112,62.4017957351291
"2457","0980A0010",148,895,6.0472972972973
"2458","0980A0020",258.81,1691,6.53375062787373
"2459","0980A0030",118.02,1237,10.4812743602779
"2460","0980A0040",146.29,913,6.24102809488003
"2461","0980A0050",111.96,782,6.98463737048946
"2462","0980A0060",192.05,1328,6.91486592033325
"2463","0980A0070",166.27,1452,8.73278402598184
"2464","0980A0080",176.13,923,5.24044739680918
"2465","0980A0090",168.6,1420,8.42230130486358
"2466","0980A0100",112.28,1754,15.6216601353758
"2467","0980A0110",86.66,1364,15.7396722824833
"2468","0980A0120",144.56,1279,8.8475373547316
"2469","0980A0130",170.16,1408,8.27456511518571
"2470","0980A0140",121.55,1619,13.3196215549157
"2471","0980A0150",96.36,2343,24.3150684931507
"2472","0980A0160",186.09,1748,9.39330431511634
"2473","0980A0170",341.71,2096,6.13385619384859
"2474","0980A0180",266.43,1781,6.68468265585707
"2475","0980B2010",10.23,1809,176.83284457478
"2476","0980B3010",13.47,1636,121.455085374907
"2477","0980B4010",7.41,1428,192.712550607287
"2478","0980B5010",11.72,1283,109.470989761092
"2479","0980C1010",12.88,2498,193.944099378882
"2480","0980C1020",1.4,2178,1555.71428571429
"2481","0980C1030",1.31,1994,1522.13740458015
"2482","0980C1040",0.69,1343,1946.3768115942
"2483","0980C1050",0.47,1445,3074.46808510638
"2484","0980C1060",3.44,2604,756.976744186047
"2485","0980C1070",4.5,1683,374
"2486","0980C1080",0.72,1902,2641.66666666667
"2487","0980C1090",0.79,2039,2581.01265822785
"2488","0980C1100",6.74,1802,267.359050445104
"2489","0980C1110",0.77,1429,1855.84415584416
"2490","0980C1120",0.26,1802,6930.76923076923
"2491","0980C1130",0.67,1491,2225.37313432836
"2492","0980C1140",0.62,1637,2640.32258064516
"2493","0980C1150",0.42,1375,3273.80952380952
"2494","0980C1160",7.26,1618,222.865013774105
"2495","1060A0010",102.98,1244,12.0800155369975
"2496","1060A0020",253.21,1496,5.90813948896173
"2497","1060B2010",7.37,1056,143.283582089552
"2498","1060C1010",9.59,1594,166.214807090719
"2499","1060C1020",2.56,1784,696.875
"2500","1060C1030",5.39,2126,394.43413729128
"2501","1060C1040",5.97,1766,295.812395309883
"2502","1060C1050",2.7,1995,738.888888888889
"2503","1080A0010",83.97,1643,19.5665118494701
"2504","1080A0020",18.15,830,45.7300275482094
"2505","1080A0030",60.2,2845,47.2591362126246
"2506","1080A0040",73.92,1458,19.724025974026
"2507","1080A0050",152.3,2074,13.6178594878529
"2508","1080A0060",51.38,1449,28.2016348773842
"2509","1080A0070",118.54,1060,8.94212923907542
"2510","1080A0080",91.93,1269,13.803981290112
"2511","1080A0090",187,1780,9.51871657754011
"2512","1080A0100",100.72,1058,10.5043685464654
"2513","1080B2010",7.77,1655,212.998712998713
"2514","1080B2020",7.1,1908,268.732394366197
"2515","1080B3010",3.91,1389,355.242966751918
"2516","1080B3020",7.76,1370,176.546391752577
"2517","1080B4010",6.76,1706,252.366863905325
"2518","1080B5010",18.27,1483,81.1713191023536
"2519","1080C1010",0.54,1799,3331.48148148148
"2520","1080C1020",0.41,1654,4034.14634146341
"2521","1080C1030",0.31,1255,4048.38709677419
"2522","1080C1040",0.17,1634,9611.76470588235
"2523","1080C1050",0.16,1421,8881.25
"2524","1080C1060",0.35,1996,5702.85714285714
"2525","1080C1070",0.82,1788,2180.48780487805
"2526","1080C1080",1.02,2233,2189.21568627451
"2527","1080C1090",4.73,1548,327.272727272727
"2528","1080C1100",0.73,1596,2186.30136986301
"2529","1080C1110",0.92,1459,1585.86956521739
"2530","1080C1120",0.22,1606,7300
"2531","1080C1130",7.31,2095,286.593707250342
"2532","1080C1140",2.69,1175,436.802973977695
"2533","1080C1150",2.53,1381,545.849802371542
"2534","1080C1160",1.94,2068,1065.9793814433
"2535","1080C1170",0.25,2293,9172
"2536","1080C1180",1.67,1623,971.85628742515
"2537","1080C1190",6.45,1402,217.364341085271
"2538","1080C1200",3.43,1535,447.521865889213
"2539","1080C1210",3.68,1757,477.445652173913
"2540","1080C1220",4.58,1355,295.851528384279
"2541","1080C1230",2.29,2190,956.331877729258
"2542","1080C1240",9.9,2580,260.606060606061
"2543","1081A0010",56.85,1728,30.3957783641161
"2544","1081A0020",145.97,1132,7.75501815441529
"2545","1081A0030",163.41,1344,8.22471085000918
"2546","1081A0040",213.14,1310,6.14619498920897
"2547","1081A0050",172.21,1508,8.75675047906626
"2548","1081B2010",16.05,1976,123.115264797508
"2549","1081B3010",9.41,1776,188.735387885228
"2550","1081C1010",10.74,2090,194.599627560521
"2551","1081C1020",4.43,2156,486.681715575621
"2552","1081C1030",0.49,1586,3236.73469387755
"2553","1081C1040",0.48,1585,3302.08333333333
"2554","1081C1050",0.35,1324,3782.85714285714
"2555","1081C1060",3.85,1762,457.662337662338
"2556","1081C1070",0.95,1806,1901.05263157895
"2557","1081C1080",4.37,1250,286.04118993135
"2558","1081C1090",4.49,1723,383.741648106904
"2559","1081C1100",9.77,1399,143.193449334698
"2560","1081C1110",3.76,1566,416.489361702128
"2561","1082A0010",74.46,1487,19.9704539349987
"2562","1082A0020",168.08,2400,14.278914802475
"2563","1082A0030",166.26,1071,6.44171779141104
"2564","1082B2010",10.02,2017,201.297405189621
"2565","1082C1010",4.04,1531,378.960396039604
"2566","1082C1020",7.97,1528,191.718946047679
"2567","1082C1030",0.35,1533,4380
"2568","1082C1040",0.24,1582,6591.66666666667
"2569","1082C1050",1.64,1405,856.707317073171
"2570","1082C1060",0.26,1630,6269.23076923077
"2571","1082C1070",1.68,1731,1030.35714285714
"2572","1082C1080",1.28,1926,1504.6875
"2573","1082C1090",16.03,2217,138.303181534623
"2574","1082C1100",5.81,1684,289.845094664372
"2575","1082C1110",4.36,1779,408.02752293578
"2576","1082C1120",1.58,2155,1363.92405063291
"2577","1082C1130",10.64,2354,221.240601503759
"2578","1082C1140",13.86,1966,141.847041847042
"2579","1083A0010",33.71,1963,58.2319786413527
"2580","1083A0020",87.73,1756,20.0159580531175
"2581","1083B2010",18.51,1968,106.320907617504
"2582","1083B3010",12.55,1534,122.231075697211
"2583","1083B4010",10.94,1094,100
"2584","1083C1010",3.74,2445,653.743315508021
"2585","1083C1020",13.67,2083,152.377468910022
"2586","1083C1030",0.65,2374,3652.30769230769
"2587","1083C1040",3.77,2258,598.93899204244
"2588","1214A0010",43.25,979,22.635838150289
"2589","1214A0020",107.26,1813,16.9028528808503
"2590","1214A0030",179.47,1541,8.58639326907004
"2591","1214A0040",26.54,1096,41.2961567445366
"2592","1214B2010",6,2049,341.5
"2593","1214B3010",7.49,1633,218.024032042724
"2594","1214B4010",7.71,1135,147.211413748379
"2595","1214C1010",3.2,2102,656.875
"2596","1214C1020",5.6,2196,392.142857142857
"2597","1230A0010",63.76,2084,32.6850690087829
"2598","1230A0020",9.74,809,83.0595482546201
"2599","1230B2010",2.48,2873,1158.46774193548
"2600","1230B2020",6.37,3031,475.824175824176
"2601","1230C1010",5.72,3232,565.034965034965
"2602","1230C1020",4.69,2434,518.976545842217
"2603","1230C1030",0.7,2354,3362.85714285714
"2604","1230C1040",0.63,1768,2806.34920634921
"2605","1230C1050",1.18,2656,2250.84745762712
"2606","1230C1060",1.02,1979,1940.19607843137
"2607","1230C1070",9.41,1916,203.613177470776
"2608","1230C1080",1.09,2016,1849.54128440367
"2609","1231C1010",0.17,1611,9476.47058823529
"2610","1231C1020",0.95,2710,2852.63157894737
"2611","1231C1030",0.17,1488,8752.94117647059
"2612","1231C1040",10.13,2159,213.129318854886
"2613","1231C1050",0.5,2274,4548
"2614","1231C1060",1.2,1725,1437.5
"2615","1231C1070",1.51,1452,961.58940397351
"2616","1231C1080",1.15,2134,1855.65217391304
"2617","1231C1090",2.18,2166,993.577981651376
"2618","1231C1100",0.93,2125,2284.94623655914
"2619","1233A0010",40.86,1660,40.6265296133138
"2620","1233A0020",26.07,905,34.7142309167626
"2621","1233B2010",1.5,2140,1426.66666666667
"2622","1233B2020",4.7,1482,315.31914893617
"2623","1233B2030",1.29,1241,962.015503875969
"2624","1233B2040",5.53,2272,410.849909584087
"2625","1233B2050",1.95,2268,1163.07692307692
"2626","1233B2060",0.99,1928,1947.47474747475
"2627","1233B2070",1.32,2544,1927.27272727273
"2628","1233B2080",7.36,1894,257.336956521739
"2629","1233B3010",3.35,1238,369.55223880597
"2630","1233B3020",3.45,1648,477.68115942029
"2631","1233B3030",1.67,2062,1234.73053892216
"2632","1233B3040",8.62,2398,278.190255220418
"2633","1233B4010",4.14,1009,243.719806763285
"2634","1233B4020",15.65,1660,106.070287539936
"2635","1233C1010",2.62,1354,516.793893129771
"2636","1233C1020",2.88,1726,599.305555555556
"2637","1233C1030",0.76,2345,3085.52631578947
"2638","1233C1040",4.11,2105,512.165450121654
"2639","1233C1050",3.83,1859,485.378590078329
"2640","1256A0010",81.75,1262,15.4373088685015
"2641","1256A0020",107.56,832,7.73521755299368
"2642","1256A0030",195.57,1155,5.90581377511888
"2643","1256B2010",6.08,1858,305.592105263158
"2644","1256B2020",5.02,1554,309.561752988048
"2645","1256B3010",8.72,1592,182.56880733945
"2646","1256B4010",6.81,1371,201.321585903084
"2647","1256B5010",6.64,1282,193.072289156627
"2648","1256C1010",4.71,1563,331.847133757962
"2649","1256C1020",8.8,1862,211.590909090909
"2650","1257A0010",92.17,1309,14.2020180101985
"2651","1257A0020",97.16,1816,18.6908192671881
"2652","1257A0030",104.86,1617,15.4205607476636
"2653","1257C1010",10.91,1363,124.931255728689
"2654","1257C1020",2.97,1554,523.232323232323
"2655","1257C1030",2.48,1708,688.709677419355
"2656","1257C1040",8.78,1066,121.412300683371
"2657","1260A0010",12.67,1742,137.490134175217
"2658","1260A0020",18.43,2308,125.230602278893
"2659","1260A0030",41.09,1964,47.7975176441957
"2660","1260B2010",21.18,1903,89.8489140698772
"2661","1260C1010",8.07,1773,219.702602230483
"2662","1260C1020",2.79,1852,663.799283154122
"2663","1260C1030",3.87,1976,510.594315245478
"2664","1260C1040",7.45,2450,328.859060402685
"2665","1261A0010",18.5,662,35.7837837837838
"2666","1261A0020",36.27,956,26.3578715191618
"2667","1261A0030",32.28,1137,35.2230483271375
"2668","1261B2010",0.96,1872,1950
"2669","1261B2020",1.03,2287,2220.38834951456
"2670","1261B2030",10.94,2392,218.647166361974
"2671","1261B2040",4.58,1935,422.489082969432
"2672","1261B2050",8.1,2511,310
"2673","1261B2060",5.15,1753,340.388349514563
"2674","1261B2070",13.56,1689,124.557522123894
"2675","1261C1010",4.54,1651,363.656387665198
"2676","1261C1020",3.95,1381,349.620253164557
"2677","1261C1030",1.18,1681,1424.57627118644
"2678","1261C1040",2.45,1556,635.102040816327
"2679","1261C1050",1.32,1519,1150.75757575758
"2680","1261C1060",1.84,1376,747.826086956522
"2681","1261C1070",0.5,1692,3384
"2682","1261C1080",3.14,3065,976.114649681529
"2683","1261C1090",2.15,1315,611.627906976744
"2684","1262C1010",6.74,1680,249.258160237389
"2685","1262C1020",1.23,1790,1455.28455284553
"2686","1262C1030",0.7,1732,2474.28571428571
"2687","1262C1040",0.7,1874,2677.14285714286
"2688","1262C1050",0.52,2597,4994.23076923077
"2689","1262C1060",0.64,2189,3420.3125
"2690","1262C1070",7.24,2280,314.917127071823
"2691","1262C1080",1.04,1689,1624.03846153846
"2692","1262C1090",0.99,2289,2312.12121212121
"2693","1262C1100",24.79,2554,103.025413473175
"2694","1262C1110",3.59,1895,527.855153203343
"2695","1262C1120",7.32,2058,281.147540983607
"2696","1263A0010",63.79,990,15.5196739300831
"2697","1263A0020",117.31,1779,15.1649475748018
"2698","1263B2010",0.6,1790,2983.33333333333
"2699","1263B2020",6.41,2938,458.346333853354
"2700","1263B3010",5.5,2361,429.272727272727
"2701","1263C1010",3.49,2300,659.025787965616
"2702","1263C1020",0.94,2213,2354.25531914894
"2703","1263C1030",6.33,1330,210.110584518167
"2704","1263C1040",0.62,2257,3640.32258064516
"2705","1263C1050",0.8,1996,2495
"2706","1263C1060",8.92,1369,153.47533632287
"2707","1263C1070",3,2147,715.666666666667
"2708","1264A0010",18.03,1210,67.1103716028841
"2709","1264A0020",44.05,1077,24.4494892167991
"2710","1264A0030",50.54,884,17.4910961614563
"2711","1264A0040",46.86,1109,23.666239863423
"2712","1264B2010",8.06,1617,200.620347394541
"2713","1264B3010",8.08,1504,186.138613861386
"2714","1264C1010",4.28,2404,561.682242990654
"2715","1264C1020",2.9,2244,773.793103448276
"2716","1264C1030",7.21,2199,304.99306518724
"2717","1264C1040",3.4,2613,768.529411764706
"2718","1265A0010",104.78,1290,12.3115098301203
"2719","1265A0020",32.68,1064,32.5581395348837
"2720","1265A0030",90.12,1684,18.6861961828673
"2721","1265A0040",54.6,1352,24.7619047619048
"2722","1265A0050",49.82,1647,33.0590124448013
"2723","1265A0060",67.6,1108,16.3905325443787
"2724","1265A0070",58.08,944,16.2534435261708
"2725","1265B2010",12.1,1634,135.04132231405
"2726","1265C1010",9.26,2473,267.062634989201
"2727","1265C1020",1.31,1900,1450.38167938931
"2728","1265C1030",5.78,2098,362.975778546713
"2729","1265C1040",5.68,2243,394.894366197183
"2730","1266A0010",72.58,1649,22.7197575089556
"2731","1266A0020",96.3,1154,11.9833852544133
"2732","1266A0030",52.28,915,17.5019127773527
"2733","1266A0040",78.05,1020,13.0685458039718
"2734","1266A0050",88.98,1320,14.8347943358058
"2735","1266B2010",9.85,1502,152.48730964467
"2736","1266C1010",6.3,1631,258.888888888889
"2737","1266C1020",5.86,2413,411.774744027304
"2738","1266C1030",6.48,2077,320.524691358025
"2739","1266C1040",2.55,1904,746.666666666667
"2740","1267A0010",56.95,1661,29.1659350307287
"2741","1267A0020",178.03,1901,10.6779756220862
"2742","1267C1010",15.9,1914,120.377358490566
"2743","1267C1020",2.31,2336,1011.25541125541
"2744","1267C1030",1.82,1987,1091.75824175824
"2745","1267C1040",4.1,2209,538.780487804878
"2746","1267C1050",1.19,2212,1858.82352941176
"2747","1267C1060",17.84,2178,122.085201793722
"2748","1267C1070",12.38,978,78.9983844911147
"2749","1270A0010",143.25,2311,16.1326352530541
"2750","1270A0020",86.31,2073,24.0180743830379
"2751","1270A0030",144.59,1891,13.0783594992738
"2752","1270C1010",2,2383,1191.5
"2753","1270C1020",0.51,1914,3752.94117647059
"2754","1270C1030",0.55,913,1660
"2755","1270C1040",16.46,2175,132.138517618469
"2756","1272A0010",120.7,1350,11.1847555923778
"2757","1272B2010",11.85,1381,116.540084388186
"2758","1272B3010",12.68,1285,101.340694006309
"2759","1272C1010",8.79,2659,302.502844141069
"2760","1272C1020",2.63,2398,911.787072243346
"2761","1272C1030",3.18,1805,567.610062893082
"2762","1272C1040",2.7,1620,600
"2763","1273A0010",214.16,869,4.05771385879716
"2764","1273A0020",220.15,1188,5.39632069043834
"2765","1273A0030",103.69,1280,12.3444883788215
"2766","1273B2010",10.58,1901,179.678638941399
"2767","1273C1010",7.66,1574,205.483028720627
"2768","1273C1020",3.93,1506,383.206106870229
"2769","1273C1030",6.21,1430,230.273752012882
"2770","1273C1040",4.96,1701,342.943548387097
"2771","1273C1050",3.94,1657,420.558375634518
"2772","1275A0010",142.45,1243,8.72586872586873
"2773","1275C1010",7.62,1496,196.325459317585
"2774","1275C1020",2.24,1428,637.5
"2775","1275C1030",4.43,1455,328.442437923251
"2776","1275C1040",2.01,1701,846.268656716418
"2777","1276A0010",167.52,1642,9.8018147086915
"2778","1276A0020",45.92,925,20.1437282229965
"2779","1276A0030",116.54,1386,11.8929123047881
"2780","1276B2010",13.09,2300,175.706646294882
"2781","1276B3010",12.12,1962,161.881188118812
"2782","1276C1010",5.97,2547,426.633165829146
"2783","1276C1020",3.27,2133,652.293577981651
"2784","1276C1030",1.05,1764,1680
"2785","1276C1040",5.43,1575,290.055248618785
"2786","1276C1050",3.4,1489,437.941176470588
"2787","1277A0010",50.77,742,14.614930076817
"2788","1277B2010",10.27,2582,251.411879259981
"2789","1277B3010",9.35,2039,218.07486631016
"2790","1277C1010",7.74,872,112.66149870801
"2791","1277C1020",2.87,1576,549.128919860627
"2792","1277C1030",5.6,2083,371.964285714286
"2793","1277C1040",0.42,1660,3952.38095238095
"2794","1277C1050",0.6,2108,3513.33333333333
"2795","1277C1060",3.25,1117,343.692307692308
"2796","1277C1070",1.5,1679,1119.33333333333
"2797","1278A0010",84.21,1652,19.6176226101413
"2798","1278A0020",63.81,1961,30.7318602099984
"2799","1278B2010",6.16,1579,256.331168831169
"2800","1278B2020",3.55,1095,308.450704225352
"2801","1278B2030",12.45,1182,94.9397590361446
"2802","1278B3010",16.21,1114,68.7230104873535
"2803","1278C1010",12.92,2050,158.668730650155
"2804","1278C1020",2.42,2185,902.892561983471
"2805","1278C1030",15.37,3094,201.301236174366
"2806","1280C1010",0.99,2039,2059.59595959596
"2807","1280C1020",7.35,1439,195.78231292517
"2808","1280C1030",4.33,2136,493.302540415704
"2809","1280C1040",19.71,2521,127.904616945713
"2810","1280C1050",4.8,2601,541.875
"2811","1280C1060",0.81,1616,1995.06172839506
"2812","1280C1070",0.33,2148,6509.09090909091
"2813","1280C1080",1.99,1453,730.150753768844
"2814","1280C1090",4.02,2449,609.203980099503
"2815","1280C1100",0.51,1699,3331.37254901961
"2816","1280C1110",3.89,2538,652.442159383033
"2817","1280C1120",5.12,1116,217.96875
"2818","1280C1130",2.08,2105,1012.01923076923
"2819","1280C1140",0.58,1451,2501.72413793103
"2820","1280C1150",2.25,1527,678.666666666667
"2821","1280C1160",1.09,2179,1999.08256880734
"2822","1280C1170",0.78,3242,4156.41025641026
"2823","1280C1180",6.88,1742,253.197674418605
"2824","1280C1190",0.81,2466,3044.44444444444
"2825","1280C1200",0.37,2154,5821.62162162162
"2826","1280C1210",0.18,2091,11616.6666666667
"2827","1280C1220",0.38,1682,4426.31578947368
"2828","1280C1230",0.16,1826,11412.5
"2829","1280C1240",0.1,2117,21170
"2830","1280C1250",1.85,1674,904.864864864865
"2831","1280C1260",0.31,1578,5090.32258064516
"2832","1280C1270",1.74,7262,4173.5632183908
"2833","1280C1280",0.5,1763,3526
"2834","1280C1290",0.23,2135,9282.60869565217
"2835","1280C1300",0.17,1662,9776.47058823529
"2836","1280C1310",0.4,1978,4945
"2837","1280C1320",0.13,2045,15730.7692307692
"2838","1280C1330",0.17,1469,8641.17647058823
"2839","1280C1340",1.6,4217,2635.625
"2840","1280C1350",0.24,2063,8595.83333333333
"2841","1280C1360",0.06,1545,25750
"2842","1280C1370",0.75,2005,2673.33333333333
"2843","1280C1380",0.14,2491,17792.8571428571
"2844","1280C1390",0.23,1885,8195.65217391304
"2845","1280C1400",0.74,2003,2706.75675675676
"2846","1280C1410",0.54,1311,2427.77777777778
"2847","1280C1420",0.19,1578,8305.26315789474
"2848","1280C1430",0.22,2427,11031.8181818182
"2849","1280C1440",1.83,3459,1890.16393442623
"2850","1280C1450",2.24,1692,755.357142857143
"2851","1280C1460",0.13,1807,13900
"2852","1280C1470",0.08,1666,20825
"2853","1280C1480",0.39,1425,3653.84615384615
"2854","1280C1490",0.39,1309,3356.41025641026
"2855","1280C1500",0.84,1960,2333.33333333333
"2856","1280C1510",0.69,2331,3378.26086956522
"2857","1280C1520",0.14,1431,10221.4285714286
"2858","1280C1530",0.18,1853,10294.4444444444
"2859","1280C1540",1.68,1432,852.380952380952
"2860","1280C1550",10.56,2166,205.113636363636
"2861","1280C1560",0.79,1915,2424.05063291139
"2862","1280C1570",0.17,1302,7658.82352941176
"2863","1280C1580",0.16,2029,12681.25
"2864","1280C1590",0.22,2147,9759.09090909091
"2865","1280C1600",0.21,1641,7814.28571428571
"2866","1280C1610",0.47,1782,3791.48936170213
"2867","1280C1620",0.22,1424,6472.72727272727
"2868","1280C1630",0.41,1789,4363.41463414634
"2869","1280C1640",0.51,1560,3058.82352941176
"2870","1280C1650",0.46,1362,2960.86956521739
"2871","1280C1660",0.43,1549,3602.32558139535
"2872","1280C1670",0.46,1444,3139.13043478261
"2873","1280C1680",0.44,2023,4597.72727272727
"2874","1280C1690",0.13,1508,11600
"2875","1280C1700",0.16,2195,13718.75
"2876","1280C1710",0.13,2082,16015.3846153846
"2877","1280C1720",0.11,1707,15518.1818181818
"2878","1280C1730",0.32,1714,5356.25
"2879","1280C1740",0.12,1982,16516.6666666667
"2880","1280C1750",0.09,2033,22588.8888888889
"2881","1280C1760",0.34,1815,5338.23529411765
"2882","1280C1770",0.1,1431,14310
"2883","1280C1780",0.31,1556,5019.35483870968
"2884","1280C1790",0.13,1613,12407.6923076923
"2885","1280C1800",0.1,1645,16450
"2886","1280C1810",0.5,1740,3480
"2887","1280C1820",0.24,2591,10795.8333333333
"2888","1280C1830",0.13,1777,13669.2307692308
"2889","1280C1840",0.16,1593,9956.25
"2890","1280C1850",0.46,1397,3036.95652173913
"2891","1280C1860",0.25,2009,8036
"2892","1280C1870",0.15,1847,12313.3333333333
"2893","1280C1880",0.13,935,7192.30769230769
"2894","1280C1890",0.13,1990,15307.6923076923
"2895","1280C1900",0.3,1928,6426.66666666667
"2896","1280C1910",0.59,1578,2674.57627118644
"2897","1280C1920",0.1,1213,12130
"2898","1280C1930",0.1,1833,18330
"2899","1280C1940",0.27,2481,9188.88888888889
"2900","1280C1950",0.46,1854,4030.4347826087
"2901","1280C1960",0.49,1495,3051.02040816327
"2902","1280C1970",0.11,1478,13436.3636363636
"2903","1280C1980",0.15,2145,14300
"2904","1280C1990",0.57,1799,3156.14035087719
"2905","1280C2000",0.1,1712,17120
"2906","1280C2010",8.1,1539,190
"2907","1280C2020",0.2,2265,11325
"2908","1280C2030",0.12,1309,10908.3333333333
"2909","1280C2040",0.44,1716,3900
"2910","1280C2050",0.34,1422,4182.35294117647
"2911","1280C2060",0.08,1493,18662.5
"2912","1280C2070",0.35,1073,3065.71428571429
"2913","1280C2080",0.89,9561,10742.6966292135
"2914","1280C2090",0.06,1690,28166.6666666667
"2915","1280C2100",0.05,1548,30960
"2916","1280C2110",0.07,1237,17671.4285714286
"2917","1280C2120",0.75,2256,3008
"2918","1280C2130",0.32,1751,5471.875
"2919","1280C2140",0.05,1420,28400
"2920","1280C2150",0.09,1321,14677.7777777778
"2921","1280C2160",0.1,1350,13500
"2922","1280C2170",0.1,1233,12330
"2923","1280C2180",0.1,1760,17600
"2924","1280C2190",0.56,1262,2253.57142857143
"2925","1280C2200",0.2,1909,9545
"2926","1280C2210",1.59,2161,1359.11949685535
"2927","1280C2220",0.06,1789,29816.6666666667
"2928","1280C2230",0.13,1453,11176.9230769231
"2929","1280C2240",0.07,1805,25785.7142857143
"2930","1280C2250",0.11,1270,11545.4545454545
"2931","1280C2260",0.07,1671,23871.4285714286
"2932","1280C2270",0.1,1730,17300
"2933","1280C2280",1.16,2045,1762.93103448276
"2934","1280C2290",0.06,1661,27683.3333333333
"2935","1280C2300",0.11,1790,16272.7272727273
"2936","1280C2310",0.08,1547,19337.5
"2937","1280C2320",0.21,1449,6900
"2938","1280C2330",0.44,1293,2938.63636363636
"2939","1280C2340",1.36,2045,1503.67647058824
"2940","1280C2350",0.07,1395,19928.5714285714
"2941","1280C2360",0.08,1674,20925
"2942","1280C2370",0.12,1932,16100
"2943","1280C2380",0.13,1875,14423.0769230769
"2944","1280C2390",0.08,1592,19900
"2945","1280C2400",0.11,1727,15700
"2946","1280C2410",0.2,1513,7565
"2947","1280C2420",0.07,1464,20914.2857142857
"2948","1280C2430",0.06,1373,22883.3333333333
"2949","1280C2440",0.25,1462,5848
"2950","1280C2450",0.07,1587,22671.4285714286
"2951","1280C2460",0.07,1727,24671.4285714286
"2952","1280C2470",0.07,1780,25428.5714285714
"2953","1280C2480",0.09,1391,15455.5555555556
"2954","1280C2490",0.17,1653,9723.5294117647
"2955","1280C2500",0.59,2599,4405.08474576271
"2956","1280C2510",0.06,1599,26650
"2957","1280C2520",0.08,1967,24587.5
"2958","1280C2530",0.81,1863,2300
"2959","1280C2540",0.1,1741,17410
"2960","1280C2550",0.32,1494,4668.75
"2961","1280C2560",0.15,1304,8693.33333333333
"2962","1280C2570",0.05,1380,27600
"2963","1280C2580",0.12,1276,10633.3333333333
"2964","1280C2590",0.11,1520,13818.1818181818
"2965","1280C2600",1.79,2973,1660.8938547486
"2966","1280C2610",0.38,4170,10973.6842105263
"2967","1280C2620",0.09,1670,18555.5555555556
"2968","1280C2630",0.07,1791,25585.7142857143
"2969","1280C2640",0.58,1347,2322.41379310345
"2970","1280C2650",0.07,1374,19628.5714285714
"2971","1280C2660",0.08,1404,17550
"2972","1280C2670",0.19,1868,9831.57894736842
"2973","1280C2680",0.61,1684,2760.65573770492
"2974","1280C2690",0.16,1421,8881.25
"2975","1280C2700",0.21,1644,7828.57142857143
"2976","1280C2710",0.83,1459,1757.8313253012
"2977","1280C2720",0.12,1521,12675
"2978","1280C2730",0.07,1526,21800
"2979","1280C2740",2.12,1682,793.396226415094
"2980","1280C2750",0.12,2129,17741.6666666667
"2981","1280C2760",0.46,1492,3243.47826086957
"2982","1280C2770",0.07,1374,19628.5714285714
"2983","1280C2780",0.11,1647,14972.7272727273
"2984","1280C2790",0.18,1426,7922.22222222222
"2985","1280C2800",0.07,1685,24071.4285714286
"2986","1280C2810",0.11,1992,18109.0909090909
"2987","1280C2820",0.12,1614,13450
"2988","1280C2830",0.32,1462,4568.75
"2989","1280C2840",0.47,1923,4091.48936170213
"2990","1280C2850",0.15,2022,13480
"2991","1280C2860",0.06,1396,23266.6666666667
"2992","1280C2870",1.03,4844,4702.91262135922
"2993","1280C2880",0.42,5045,12011.9047619048
"2994","1280C2890",0.07,1459,20842.8571428571
"2995","1280C2900",0.14,2104,15028.5714285714
"2996","1280C2910",1.86,2907,1562.90322580645
"2997","1280C2920",10.04,1764,175.697211155379
"2998","1281A0010",90.86,842,9.26700418225842
"2999","1281A0020",131.7,2392,18.162490508732
"3000","1281A0030",54.69,1695,30.9928688974218
"3001","1281A0040",53.1,1271,23.9359698681733
"3002","1281B2010",3.68,1966,534.239130434783
"3003","1281B2020",4.33,1222,282.217090069284
"3004","1281B2030",3.14,1633,520.063694267516
"3005","1281B2040",3.55,2216,624.225352112676
"3006","1281B3010",5.81,1598,275.043029259897
"3007","1281B3020",1.05,2060,1961.90476190476
"3008","1281B3030",3.25,1446,444.923076923077
"3009","1281B3040",3.03,1975,651.815181518152
"3010","1281B4010",4.13,1755,424.939467312349
"3011","1281B4020",2.9,2041,703.793103448276
"3012","1281B4030",4.96,1946,392.338709677419
"3013","1281B5010",4.97,2219,446.478873239437
"3014","1281B5020",2.69,1001,372.118959107807
"3015","1281C1010",1.06,1775,1674.52830188679
"3016","1281C1020",1.47,2082,1416.32653061224
"3017","1281C1030",5.24,3794,724.045801526718
"3018","1281C1040",0.1,1340,13400
"3019","1281C1050",0.15,1626,10840
"3020","1281C1060",0.52,1880,3615.38461538462
"3021","1281C1070",0.43,2459,5718.60465116279
"3022","1281C1080",0.34,2178,6405.88235294118
"3023","1281C1090",0.43,1399,3253.48837209302
"3024","1281C1100",0.19,1950,10263.1578947368
"3025","1281C1110",0.95,2015,2121.05263157895
"3026","1281C1120",0.13,1999,15376.9230769231
"3027","1281C1130",0.09,1463,16255.5555555556
"3028","1281C1140",0.62,1676,2703.22580645161
"3029","1281C1150",0.36,1638,4550
"3030","1281C1160",1.08,1760,1629.62962962963
"3031","1281C1170",0.1,1196,11960
"3032","1281C1180",0.2,1698,8490
"3033","1281C1190",0.71,1977,2784.50704225352
"3034","1281C1200",0.46,1298,2821.73913043478
"3035","1281C1210",0.34,1398,4111.76470588235
"3036","1281C1220",0.27,1594,5903.7037037037
"3037","1281C1230",0.69,2023,2931.88405797101
"3038","1281C1240",0.27,1196,4429.62962962963
"3039","1281C1250",0.25,1802,7208
"3040","1281C1260",0.26,1946,7484.61538461538
"3041","1281C1270",0.28,1751,6253.57142857143
"3042","1281C1280",1.08,1870,1731.48148148148
"3043","1281C1290",0.54,1588,2940.74074074074
"3044","1281C1300",0.23,1048,4556.52173913043
"3045","1281C1310",0.13,1198,9215.38461538462
"3046","1281C1320",0.2,1986,9930
"3047","1281C1330",3.1,1455,469.354838709677
"3048","1281C1340",0.57,1506,2642.1052631579
"3049","1281C1350",0.11,1648,14981.8181818182
"3050","1281C1360",0.13,1541,11853.8461538462
"3051","1281C1370",1.18,2352,1993.22033898305
"3052","1281C1380",0.27,1793,6640.74074074074
"3053","1281C1390",0.59,1594,2701.69491525424
"3054","1281C1400",0.82,1799,2193.90243902439
"3055","1281C1410",0.51,1197,2347.05882352941
"3056","1281C1420",0.48,1129,2352.08333333333
"3057","1281C1430",3.91,3546,906.90537084399
"3058","1281C1440",0.27,2092,7748.14814814815
"3059","1281C1450",0.11,2034,18490.9090909091
"3060","1281C1460",1.55,1898,1224.51612903226
"3061","1281C1470",0.34,2305,6779.41176470588
"3062","1281C1480",0.64,1170,1828.125
"3063","1281C1490",0.55,1623,2950.90909090909
"3064","1281C1500",0.18,1593,8850
"3065","1281C1510",0.73,2129,2916.43835616438
"3066","1281C1520",0.66,1853,2807.57575757576
"3067","1281C1530",0.55,1516,2756.36363636364
"3068","1281C1540",1.92,1576,820.833333333333
"3069","1281C1550",2.52,2105,835.31746031746
"3070","1281C1560",4.93,1648,334.279918864097
"3071","1281C1570",3.21,1305,406.542056074766
"3072","1282A0010",72.22,2617,36.2364995846026
"3073","1282B2010",9.17,2532,276.117775354417
"3074","1282B3010",5.81,1797,309.294320137694
"3075","1282C1010",25.09,2161,86.1299322439219
"3076","1282C1020",3.24,2837,875.617283950617
"3077","1282C1030",4.64,1201,258.836206896552
"3078","1282C1040",4.76,2106,442.436974789916
"3079","1282C1050",2.22,2519,1134.68468468468
"3080","1282C1060",0.21,2329,11090.4761904762
"3081","1282C1070",0.19,2406,12663.1578947368
"3082","1282C1080",0.21,2529,12042.8571428571
"3083","1282C1090",0.86,1868,2172.09302325581
"3084","1282C1100",0.47,2272,4834.04255319149
"3085","1282C1110",0.2,2053,10265
"3086","1282C1120",0.38,1392,3663.15789473684
"3087","1282C1130",0.57,1773,3110.52631578947
"3088","1282C1140",0.17,1212,7129.41176470588
"3089","1282C1150",0.1,1196,11960
"3090","1282C1160",0.76,1836,2415.78947368421
"3091","1282C1170",4.75,1143,240.631578947368
"3092","1282C1180",0.68,2110,3102.94117647059
"3093","1282C1190",1.89,3019,1597.3544973545
"3094","1282C1200",1.61,2226,1382.60869565217
"3095","1283A0010",52.79,1246,23.6029551051335
"3096","1283A0020",67.87,1291,19.021659054074
"3097","1283A0030",43.21,2051,47.4658643832446
"3098","1283A0040",50.91,1139,22.3728147711648
"3099","1283B2010",1,1903,1903
"3100","1283B2020",2.61,2964,1135.63218390805
"3101","1283B2030",2.77,1799,649.458483754513
"3102","1283B3010",5.8,1989,342.931034482759
"3103","1283B4010",7.59,1521,200.395256916996
"3104","1283B5010",7.86,953,121.246819338422
"3105","1283C1010",4.16,1516,364.423076923077
"3106","1283C1020",4.73,1691,357.505285412262
"3107","1283C1030",1.13,1602,1417.69911504425
"3108","1283C1040",1.97,2208,1120.81218274112
"3109","1283C1050",2.87,1484,517.073170731707
"3110","1283C1060",4.13,1022,247.457627118644
"3111","1283C1070",2.3,1464,636.521739130435
"3112","1283C1080",2.73,1705,624.542124542124
"3113","1283C1090",0.52,1505,2894.23076923077
"3114","1283C1100",2.28,1610,706.140350877193
"3115","1283C1110",0.69,1813,2627.53623188406
"3116","1283C1120",1.4,2380,1700
"3117","1283C1130",0.56,2086,3725
"3118","1283C1140",6.44,1849,287.111801242236
"3119","1283C1150",0.48,2126,4429.16666666667
"3120","1283C1160",5.16,1775,343.992248062016
"3121","1283C1170",0.79,1630,2063.29113924051
"3122","1283C1180",0.62,1577,2543.54838709677
"3123","1283C1190",0.67,2229,3326.86567164179
"3124","1283C1200",1.62,3093,1909.25925925926
"3125","1283C1210",0.58,2134,3679.31034482759
"3126","1283C1220",1.95,3139,1609.74358974359
"3127","1283C1230",0.11,1975,17954.5454545455
"3128","1283C1240",0.13,1962,15092.3076923077
"3129","1283C1250",0.08,1904,23800
"3130","1283C1260",0.35,1659,4740
"3131","1283C1270",0.53,1535,2896.22641509434
"3132","1283C1280",0.06,1595,26583.3333333333
"3133","1283C1290",0.37,2033,5494.5945945946
"3134","1283C1300",0.59,1907,3232.20338983051
"3135","1283C1310",0.12,1714,14283.3333333333
"3136","1283C1320",0.57,1521,2668.42105263158
"3137","1283C1330",0.24,1517,6320.83333333333
"3138","1283C1340",0.7,1388,1982.85714285714
"3139","1283C1350",0.24,1433,5970.83333333333
"3140","1283C1360",0.48,1954,4070.83333333333
"3141","1283C1370",1.05,1950,1857.14285714286
"3142","1283C1380",0.37,1962,5302.7027027027
"3143","1283C1390",0.33,1695,5136.36363636364
"3144","1283C1400",0.33,2363,7160.60606060606
"3145","1283C1410",0.24,1992,8300
"3146","1283C1420",0.14,1409,10064.2857142857
"3147","1283C1430",0.11,1828,16618.1818181818
"3148","1283C1440",0.18,1845,10250
"3149","1283C1450",1.03,1720,1669.90291262136
"3150","1283C1460",0.09,1824,20266.6666666667
"3151","1283C1470",0.56,2468,4407.14285714286
"3152","1283C1480",0.15,2077,13846.6666666667
"3153","1283C1490",1.22,2246,1840.98360655738
"3154","1283C1500",0.35,1951,5574.28571428571
"3155","1283C1510",0.21,2062,9819.04761904762
"3156","1283C1520",0.6,2246,3743.33333333333
"3157","1283C1530",0.38,2674,7036.84210526316
"3158","1283C1540",0.21,1630,7761.90476190476
"3159","1283C1550",0.32,2046,6393.75
"3160","1283C1560",0.31,1846,5954.83870967742
"3161","1283C1570",0.41,1710,4170.73170731707
"3162","1283C1580",0.86,2781,3233.72093023256
"3163","1283C1590",3.58,1853,517.597765363128
"3164","1283C1600",7.38,1496,202.710027100271
"3165","1283C1610",2.91,2625,902.061855670103
"3166","1283C1620",0.63,1384,2196.8253968254
"3167","1283C1630",2.7,4272,1582.22222222222
"3168","1283C1640",2.07,1936,935.265700483092
"3169","1283C1650",0.78,1424,1825.64102564103
"3170","1283C1660",5.64,2276,403.54609929078
"3171","1283C1670",2.8,2361,843.214285714286
"3172","1283C1680",1.95,798,409.230769230769
"3173","1283C1690",1.42,2281,1606.33802816901
"3174","1283C1700",7.79,1684,216.17458279846
"3175","1284A0010",46.43,1682,36.2265776437648
"3176","1284A0020",42.76,1516,35.4536950420954
"3177","1284A0030",11.38,718,63.0931458699473
"3178","1284B2010",1.85,999,540
"3179","1284B2020",5.39,1322,245.269016697588
"3180","1284C1010",1.54,1254,814.285714285714
"3181","1284C1020",2.84,2570,904.929577464789
"3182","1284C1030",2.45,1411,575.918367346939
"3183","1284C1040",0.86,1129,1312.79069767442
"3184","1284C1050",0.79,1637,2072.15189873418
"3185","1284C1060",3.23,2611,808.359133126935
"3186","1284C1070",6.24,2110,338.141025641026
"3187","1284C1080",0.5,2041,4082
"3188","1284C1090",0.63,2008,3187.30158730159
"3189","1284C1100",7.42,1901,256.199460916442
"3190","1284C1110",4.26,1401,328.87323943662
"3191","1284C1120",4.92,1883,382.723577235772
"3192","1285A0010",78.86,2130,27.0098909459802
"3193","1285A0020",26.19,841,32.1114929362352
"3194","1285A0030",35.33,820,23.2097367676196
"3195","1285A0040",64.54,1458,22.5906414626588
"3196","1285A0050",66.37,1175,17.7037818291397
"3197","1285A0060",61.83,1087,17.5804625586285
"3198","1285A0070",41.04,976,23.7816764132554
"3199","1285B2010",7.02,1799,256.267806267806
"3200","1285B3010",7.89,1322,167.553865652725
"3201","1285B4010",5.39,1480,274.582560296846
"3202","1285B5010",4.59,1071,233.333333333333
"3203","1285C1010",2.1,2374,1130.47619047619
"3204","1285C1020",3.76,2265,602.393617021277
"3205","1285C1030",0.48,2222,4629.16666666667
"3206","1285C1040",1.34,2129,1588.80597014925
"3207","1285C1050",5.2,1871,359.807692307692
"3208","1285C1060",0.85,2113,2485.88235294118
"3209","1285C1070",2.19,2238,1021.91780821918
"3210","1285C1080",1.59,3188,2005.03144654088
"3211","1285C1090",2.38,2216,931.09243697479
"3212","1286A0010",53.63,1133,21.1262353160544
"3213","1286A0020",56.51,1275,22.5623783401168
"3214","1286A0030",39.39,1829,46.4331048489464
"3215","1286A0040",51.48,1076,20.9013209013209
"3216","1286A0050",34.34,1016,29.5864880605708
"3217","1286A0060",74.28,778,10.4738826063543
"3218","1286B2010",9.16,1699,185.480349344978
"3219","1286B2020",1.3,1342,1032.30769230769
"3220","1286C1010",0.34,1887,5550
"3221","1286C1020",0.37,1761,4759.45945945946
"3222","1286C1030",0.45,1728,3840
"3223","1286C1040",2.88,3526,1224.30555555556
"3224","1286C1050",0.54,1483,2746.2962962963
"3225","1286C1060",0.71,2169,3054.92957746479
"3226","1286C1070",0.88,2333,2651.13636363636
"3227","1286C1080",8.76,2500,285.388127853881
"3228","1286C1090",0.5,1605,3210
"3229","1286C1100",3.82,879,230.104712041885
"3230","1286C1110",10.59,1892,178.659112370161
"3231","1287A0010",70.67,1517,21.4659685863874
"3232","1287A0020",49.6,1568,31.6129032258065
"3233","1287A0030",44.55,1267,28.4399551066218
"3234","1287A0040",46.03,1509,32.7829676298066
"3235","1287A0050",69.75,1327,19.0250896057348
"3236","1287B2010",4.91,1328,270.468431771894
"3237","1287B2020",8.51,1637,192.361927144536
"3238","1287B3010",6.55,2130,325.190839694657
"3239","1287C1010",7.29,2234,306.447187928669
"3240","1287C1020",3.67,1625,442.779291553134
"3241","1287C1030",0.76,1818,2392.10526315789
"3242","1287C1040",0.26,1321,5080.76923076923
"3243","1287C1050",0.69,1812,2626.08695652174
"3244","1287C1060",0.97,2449,2524.74226804124
"3245","1287C1070",0.44,2010,4568.18181818182
"3246","1287C1080",0.46,1862,4047.82608695652
"3247","1287C1090",4.51,1940,430.155210643016
"3248","1287C1100",0.69,2614,3788.40579710145
"3249","1287C1110",3.27,1453,444.34250764526
"3250","1287C1120",0.39,1767,4530.76923076923
"3251","1287C1130",0.24,1160,4833.33333333333
"3252","1287C1140",1.05,1135,1080.95238095238
"3253","1287C1150",0.32,1320,4125
"3254","1287C1160",1.3,2042,1570.76923076923
"3255","1287C1170",2,2276,1138
"3256","1287C1180",7.34,2150,292.91553133515
"3257","1287C1190",3.74,1665,445.187165775401
"3258","1290A0010",93.97,989,10.5246355219751
"3259","1290A0020",96.18,1515,15.7517155333749
"3260","1290A0030",101.46,1576,15.5332150601222
"3261","1290A0040",90.54,1989,21.9681908548708
"3262","1290A0050",122.48,1827,14.916721097322
"3263","1290A0060",27.9,939,33.6559139784946
"3264","1290A0070",92.16,1055,11.4474826388889
"3265","1290A0080",125.9,2254,17.9030976965846
"3266","1290A0090",108.87,1851,17.0019289060347
"3267","1290A0100",88.09,972,11.0341695992735
"3268","1290A0110",139.26,2283,16.393795777682
"3269","1290B2010",13.02,2624,201.536098310292
"3270","1290B2020",1.13,1204,1065.48672566372
"3271","1290B2030",1.57,1966,1252.22929936306
"3272","1290B2040",6.27,1961,312.759170653908
"3273","1290B2050",2.16,2255,1043.98148148148
"3274","1290B2060",4.31,1686,391.183294663573
"3275","1290B3010",8.43,2153,255.397390272835
"3276","1290B3020",7.78,1435,184.447300771208
"3277","1290B4010",9.56,1948,203.765690376569
"3278","1290B5010",10.7,1730,161.682242990654
"3279","1290B6010",10.16,1484,146.062992125984
"3280","1290B7010",9.2,1404,152.608695652174
"3281","1290B8010",6.64,1034,155.722891566265
"3282","1290C1010",7.04,1035,147.017045454545
"3283","1290C1020",10.14,2360,232.741617357002
"3284","1290C1030",4.65,1846,396.989247311828
"3285","1290C1040",7,1195,170.714285714286
"3286","1290C1050",3.64,2544,698.901098901099
"3287","1290C1060",4.39,1663,378.815489749431
"3288","1290C1070",2.78,2243,806.834532374101
"3289","1290C1080",4.46,2009,450.448430493274
"3290","1290C1090",2.62,1857,708.778625954198
"3291","1290C1100",0.26,2078,7992.30769230769
"3292","1290C1110",4.96,2191,441.733870967742
"3293","1290C1120",0.62,2277,3672.58064516129
"3294","1290C1130",0.22,1848,8400
"3295","1290C1140",0.44,2019,4588.63636363636
"3296","1290C1150",2.29,1838,802.620087336245
"3297","1290C1160",0.31,2472,7974.1935483871
"3298","1290C1170",0.53,1829,3450.94339622641
"3299","1290C1180",2.1,2806,1336.19047619048
"3300","1290C1190",3.92,2016,514.285714285714
"3301","1290C1200",0.43,1575,3662.79069767442
"3302","1290C1210",4.4,1790,406.818181818182
"3303","1290C1220",0.2,2314,11570
"3304","1290C1230",1.17,2621,2240.17094017094
"3305","1291A0010",93,1302,14
"3306","1291A0020",45.91,812,17.6867784796341
"3307","1291A0030",29.38,1096,37.3042886317223
"3308","1291A0040",49.79,1285,25.8083952600924
"3309","1291A0050",36.27,1159,31.9547835676868
"3310","1291A0060",30.45,965,31.6912972085386
"3311","1291A0070",66.79,1123,16.8138942955532
"3312","1291B2010",6.33,1060,167.456556082148
"3313","1291B3010",6.75,1004,148.740740740741
"3314","1291B4010",8.29,980,118.214716525935
"3315","1291B5010",5.25,875,166.666666666667
"3316","1291C1010",6.34,1194,188.328075709779
"3317","1291C1020",5.11,2362,462.230919765166
"3318","1291C1030",0.58,1630,2810.34482758621
"3319","1291C1040",2.89,2115,731.833910034602
"3320","1292A0010",34.96,867,24.7997711670481
"3321","1292A0020",63.06,1306,20.7104345068189
"3322","1292A0030",154.54,2347,15.1870066002329
"3323","1292A0040",83.12,1815,21.8358999037536
"3324","1292B2010",4.14,2325,561.594202898551
"3325","1292B2020",10.35,1753,169.371980676329
"3326","1292B3010",5.58,1036,185.663082437276
"3327","1292B3020",11.25,953,84.7111111111111
"3328","1292B4010",8.1,1479,182.592592592593
"3329","1292C1010",6.86,2392,348.68804664723
"3330","1292C1020",3.4,2443,718.529411764706
"3331","1292C1030",0.32,2103,6571.875
"3332","1292C1040",1.27,2498,1966.92913385827
"3333","1292C1050",0.46,1624,3530.4347826087
"3334","1292C1060",4.67,2339,500.856531049251
"3335","1292C1070",0.25,1851,7404
"3336","1292C1080",1.91,1908,998.952879581152
"3337","1292C1090",0.19,1457,7668.42105263158
"3338","1292C1100",3.04,2093,688.486842105263
"3339","1292C1110",6.18,2385,385.922330097087
"3340","1292C1120",0.85,1965,2311.76470588235
"3341","1292C1130",4.99,1584,317.434869739479
"3342","1292C1140",7.62,1998,262.204724409449
"3343","1292C1150",2.69,2345,871.747211895911
"3344","1293A0010",167,1536,9.19760479041916
"3345","1293A0020",188.75,1596,8.45562913907285
"3346","1293A0030",117.38,1512,12.8812404157437
"3347","1293A0040",174.63,1353,7.74780965469851
"3348","1293A0050",78.06,1255,16.0773763771458
"3349","1293A0060",96.52,1263,13.0853709075839
"3350","1293A0070",108.74,920,8.46054809637668
"3351","1293A0080",211.42,1187,5.61441680068111
"3352","1293B2010",3.86,1493,386.787564766839
"3353","1293B2020",4.5,1706,379.111111111111
"3354","1293B2030",4.67,1621,347.109207708779
"3355","1293B3010",9.37,1122,119.74386339381
"3356","1293B3020",1.31,1993,1521.37404580153
"3357","1293B3030",4.66,1161,249.141630901288
"3358","1293B4010",7.83,1346,171.902937420179
"3359","1293B4020",7.43,1565,210.632570659489
"3360","1293B5010",7.9,1910,241.772151898734
"3361","1293B6010",11.44,1822,159.265734265734
"3362","1293B7010",10.6,1817,171.415094339623
"3363","1293B8010",6.38,1188,186.206896551724
"3364","1293C1010",2.53,1983,783.794466403162
"3365","1293C1020",0.76,1434,1886.84210526316
"3366","1293C1030",0.41,1234,3009.75609756098
"3367","1293C1040",1.22,1875,1536.88524590164
"3368","1293C1050",0.21,2060,9809.52380952381
"3369","1293C1060",0.26,1520,5846.15384615385
"3370","1293C1070",15.56,2217,142.480719794344
"3371","1293C1080",14.29,1463,102.379286214136
"3372","1293C1090",1.16,1853,1597.41379310345
"3373","1293C1100",1.28,1677,1310.15625
"3374","1293C1110",1.06,1513,1427.35849056604
"3375","1293C1120",6.2,2413,389.193548387097
"3376","1293C1130",2.16,1633,756.018518518518
"3377","1315A0010",222.78,1137,5.10368973875572
"3378","1315A0020",277.84,1302,4.68615030233228
"3379","1315A0030",206.81,1249,6.03935979884919
"3380","1315A0040",217.81,1312,6.02359854919425
"3381","1315B2010",7.19,1300,180.806675938804
"3382","1315C1010",6.19,2314,373.828756058158
"3383","1315C1020",8.08,1685,208.539603960396
"3384","1380A0010",122.36,1713,13.9996730957829
"3385","1380A0020",113.62,1876,16.5111776095758
"3386","1380A0030",82.4,1807,21.9296116504854
"3387","1380A0040",191.32,1460,7.63119381141543
"3388","1380A0050",45.66,1265,27.7047744196233
"3389","1380A0060",95.7,1233,12.884012539185
"3390","1380A0070",197.56,1229,6.22089491799959
"3391","1380B2010",14.08,2446,173.721590909091
"3392","1380B2020",5.37,1734,322.905027932961
"3393","1380B2030",7.3,2467,337.945205479452
"3394","1380B3010",9.2,2156,234.347826086957
"3395","1380B4010",7.23,1726,238.727524204703
"3396","1380C1010",6.51,1188,182.488479262673
"3397","1380C1020",7.45,1756,235.704697986577
"3398","1380C1030",6.8,1483,218.088235294118
"3399","1380C1040",1.82,1760,967.032967032967
"3400","1380C1050",1.9,2040,1073.68421052632
"3401","1380C1060",1.4,1730,1235.71428571429
"3402","1380C1070",4.95,1654,334.141414141414
"3403","1380C1080",0.26,2646,10176.9230769231
"3404","1380C1090",2.86,1815,634.615384615385
"3405","1380C1100",0.78,2099,2691.02564102564
"3406","1380C1110",0.66,1851,2804.54545454545
"3407","1380C1120",2.58,2573,997.286821705426
"3408","1380C1130",0.39,2107,5402.5641025641
"3409","1380C1140",7.56,2009,265.740740740741
"3410","1380C1150",2.06,1400,679.611650485437
"3411","1380C1160",0.24,2320,9666.66666666667
"3412","1380C1170",0.28,1444,5157.14285714286
"3413","1380C1180",3.43,3178,926.530612244898
"3414","1380C1190",0.56,2178,3889.28571428571
"3415","1380C1200",0.2,1394,6970
"3416","1380C1210",0.34,1560,4588.23529411765
"3417","1380C1220",0.13,1746,13430.7692307692
"3418","1380C1230",0.57,1976,3466.66666666667
"3419","1380C1240",0.34,1645,4838.23529411765
"3420","1380C1250",4.98,2119,425.502008032128
"3421","1380C1260",3.56,1947,546.910112359551
"3422","1380C1270",0.09,1666,18511.1111111111
"3423","1380C1280",0.34,2628,7729.41176470588
"3424","1380C1290",0.19,2318,12200
"3425","1380C1300",0.32,1841,5753.125
"3426","1380C1310",0.11,1653,15027.2727272727
"3427","1380C1320",0.89,2426,2725.84269662921
"3428","1380C1330",1.45,2073,1429.65517241379
"3429","1380C1340",1.2,2075,1729.16666666667
"3430","1380C1350",0.58,1620,2793.10344827586
"3431","1380C1360",2.38,2047,860.084033613445
"3432","1380C1370",2.07,2081,1005.31400966184
"3433","1380C1380",12.45,2229,179.036144578313
"3434","1380C1390",5.27,1713,325.047438330171
"3435","1380C1400",5.71,1548,271.103327495622
"3436","1380C1410",2.95,2212,749.830508474576
"3437","1380C1420",3.13,1795,573.482428115016
"3438","1380C1430",11.65,1995,171.244635193133
"3439","1380C1440",8.75,1146,130.971428571429
"3440","1381A0010",130.04,1204,9.25868963395878
"3441","1381A0020",58.13,1628,28.0061930156546
"3442","1381A0030",61.52,1325,21.537711313394
"3443","1381A0040",272.8,1510,5.53519061583578
"3444","1381A0050",96.98,1785,18.4058568777067
"3445","1381A0060",186.77,977,5.23103282111688
"3446","1381B2010",13.79,2742,198.839738941262
"3447","1381B2020",9.37,2557,272.892209178228
"3448","1381B3010",7.05,854,121.13475177305
"3449","1381B3020",9.06,1442,159.16114790287
"3450","1381B4010",12.21,1222,100.0819000819
"3451","1381B5010",6.47,1190,183.925811437403
"3452","1381C1010",4.72,2597,550.21186440678
"3453","1381C1020",5.78,2043,353.460207612457
"3454","1381C1030",1.35,2324,1721.48148148148
"3455","1381C1040",6.54,1165,178.134556574924
"3456","1382A0010",84.58,1932,22.8422794986995
"3457","1382A0020",163.97,1664,10.1481978410685
"3458","1382A0030",69.23,2317,33.4681496461072
"3459","1382A0040",58.27,1163,19.9588124249185
"3460","1382A0050",102.93,1680,16.3217720781113
"3461","1382A0060",116.23,1110,9.55003011270756
"3462","1382A0070",172.29,1231,7.14493005978292
"3463","1382A0080",130.43,1552,11.8991029671088
"3464","1382A0090",140.93,1320,9.36635208968992
"3465","1382B2010",8.75,1416,161.828571428571
"3466","1382B3010",7.09,1162,163.892806770099
"3467","1382C1010",2.56,1739,679.296875
"3468","1382C1020",13.15,3296,250.6463878327
"3469","1382C1030",1.76,2256,1281.81818181818
"3470","1382C1040",1.74,1505,864.942528735632
"3471","1382C1050",0.87,1281,1472.41379310345
"3472","1382C1060",1.82,2264,1243.95604395604
"3473","1382C1070",0.44,2543,5779.54545454545
"3474","1382C1080",2.08,1170,562.5
"3475","1382C1090",0.88,1728,1963.63636363636
"3476","1382C1100",0.63,2011,3192.06349206349
"3477","1382C1110",7.01,921,131.383737517832
"3478","1382C1120",0.91,2184,2400
"3479","1382C1130",0.85,1504,1769.41176470588
"3480","1382C1140",2.73,1710,626.373626373626
"3481","1382C1150",5.86,3457,589.931740614334
"3482","1382C1160",10.4,992,95.3846153846154
"3483","1383A0010",39.07,1307,33.4527770668032
"3484","1383A0020",96.63,1597,16.5269585015006
"3485","1383A0030",71.87,2351,32.7118408237095
"3486","1383A0040",52.58,1131,21.5100798782807
"3487","1383A0050",54.6,1605,29.3956043956044
"3488","1383A0060",87.54,1090,12.4514507653644
"3489","1383A0070",86.6,2044,23.6027713625866
"3490","1383A0080",153.94,1500,9.74405612576328
"3491","1383A0090",93.66,1741,18.588511637839
"3492","1383B2010",6.46,2032,314.551083591331
"3493","1383B2020",4.28,1316,307.476635514019
"3494","1383B3010",4.23,986,233.096926713948
"3495","1383B3020",3.15,1480,469.84126984127
"3496","1383B4010",8.11,2073,255.610357583231
"3497","1383B5010",21.72,2346,108.011049723757
"3498","1383B6010",7.27,1219,167.67537826685
"3499","1383B6020",8.82,865,98.0725623582766
"3500","1383C1010",6.72,1532,227.97619047619
"3501","1383C1020",2.37,1946,821.097046413502
"3502","1383C1030",4.12,931,225.970873786408
"3503","1383C1040",2.08,1359,653.365384615385
"3504","1383C1050",2.01,2842,1413.93034825871
"3505","1383C1060",0.23,2209,9604.34782608696
"3506","1383C1070",2.31,1867,808.225108225108
"3507","1383C1080",0.41,1923,4690.24390243903
"3508","1383C1090",1.02,2025,1985.29411764706
"3509","1383C1100",0.97,2286,2356.70103092784
"3510","1383C1110",0.33,2238,6781.81818181818
"3511","1383C1120",0.79,2643,3345.56962025316
"3512","1383C1130",0.35,1824,5211.42857142857
"3513","1383C1140",2.68,1200,447.761194029851
"3514","1383C1150",7,2640,377.142857142857
"3515","1383C1160",1.14,2266,1987.71929824561
"3516","1383C1170",2.6,2257,868.076923076923
"3517","1383C1180",1.37,1975,1441.60583941606
"3518","1383C1190",6.59,3306,501.669195751138
"3519","1383C1200",22.89,2373,103.669724770642
"3520","1384A0010",60.4,1264,20.9271523178808
"3521","1384A0020",104.66,1975,18.8706287024651
"3522","1384A0030",48.32,1718,35.5546357615894
"3523","1384A0040",76.9,2097,27.2691807542263
"3524","1384A0050",52.51,1390,26.4711483526947
"3525","1384B2010",2.99,1945,650.501672240803
"3526","1384B2020",9.97,1174,117.753259779338
"3527","1384B2030",11.14,2388,214.362657091562
"3528","1384B2040",1.86,2350,1263.44086021505
"3529","1384B2050",9.8,2069,211.122448979592
"3530","1384B3010",17.64,1391,78.8548752834467
"3531","1384B3020",1.7,2372,1395.29411764706
"3532","1384C1010",18.48,2187,118.344155844156
"3533","1384C1020",4.54,2335,514.31718061674
"3534","1384C1030",2.55,1950,764.705882352941
"3535","1384C1040",2.49,2026,813.654618473896
"3536","1384C1050",21.19,2453,115.762151958471
"3537","1384C1060",2.65,2132,804.528301886793
"3538","1384C1070",3.42,2545,744.152046783626
"3539","1384C1080",12.78,1940,151.799687010955
"3540","1384C1090",24.32,1625,66.8174342105263
"3541","1384C1100",3.78,1870,494.708994708995
"3542","1384C1110",2.71,2688,991.881918819188
"3543","1384C1120",4.63,2017,435.637149028078
"3544","1384C1130",0.49,1436,2930.61224489796
"3545","1384C1140",0.99,1915,1934.34343434343
"3546","1384C1150",0.79,1647,2084.81012658228
"3547","1384C1160",9.95,1886,189.547738693467
"3548","1384C1170",0.18,1271,7061.11111111111
"3549","1384C1180",0.66,1855,2810.60606060606
"3550","1384C1190",0.58,1513,2608.62068965517
"3551","1384C1200",1.61,1595,990.683229813665
"3552","1384C1210",0.57,2028,3557.89473684211
"3553","1384C1220",3.57,2059,576.750700280112
"3554","1384C1230",0.7,1576,2251.42857142857
"3555","1384C1240",7.98,1859,232.957393483709
"3556","1384C1250",27.99,3572,127.617006073598
"3557","1384C1260",3.99,2387,598.245614035088
"3558","1384C1270",19.2,2169,112.96875
"3559","1384C1280",8.56,1835,214.369158878505
"3560","1384C1290",3.32,2303,693.674698795181
"3561","1384C1300",8.78,987,112.414578587699
"3562","1384C1310",2.62,1822,695.419847328244
"3563","1384C1320",2.6,2037,783.461538461538
"3564","1401A0010",82.08,2356,28.7037037037037
"3565","1401A0020",79.92,1580,19.7697697697698
"3566","1401B2010",8.73,1677,192.096219931271
"3567","1401B2020",6.04,1367,226.324503311258
"3568","1401B3010",6.65,1885,283.458646616541
"3569","1401C1010",6.86,1929,281.195335276968
"3570","1401C1020",6.71,1801,268.405365126677
"3571","1401C1030",0.74,1612,2178.37837837838
"3572","1401C1040",1.22,2216,1816.39344262295
"3573","1401C1050",2.11,2057,974.881516587678
"3574","1401C1060",0.52,1846,3550
"3575","1401C1070",0.74,1376,1859.45945945946
"3576","1401C1080",2.29,2589,1130.56768558952
"3577","1401C1090",1.38,1899,1376.08695652174
"3578","1401C1100",9.26,2253,243.304535637149
"3579","1401C1110",9.41,1642,174.495217853347
"3580","1401C1120",0.58,1775,3060.34482758621
"3581","1401C1130",1.15,2276,1979.13043478261
"3582","1401C1140",6.6,2100,318.181818181818
"3583","1401C1150",21.81,2369,108.61989912884
"3584","1401C1160",11.88,1270,106.902356902357
"3585","1402C1010",9.73,3558,365.673175745118
"3586","1402C1020",3.22,2540,788.819875776397
"3587","1402C1030",1.89,2183,1155.02645502646
"3588","1402C1040",0.95,2154,2267.36842105263
"3589","1402C1050",0.33,2414,7315.15151515152
"3590","1402C1060",1.56,2098,1344.87179487179
"3591","1402C1070",0.7,1749,2498.57142857143
"3592","1402C1080",2.03,1615,795.566502463054
"3593","1402C1090",0.81,1846,2279.01234567901
"3594","1402C1100",1.18,2310,1957.62711864407
"3595","1402C1110",1.05,2339,2227.61904761905
"3596","1402C1120",0.23,1673,7273.91304347826
"3597","1402C1130",1.54,2187,1420.12987012987
"3598","1402C1140",0.23,2187,9508.69565217391
"3599","1402C1150",0.67,2800,4179.10447761194
"3600","1402C1160",15.36,2577,167.7734375
"3601","1402C1170",2.79,2309,827.598566308244
"3602","1402C1180",12.54,2191,174.720893141946
"3603","1407A0010",2.45,932,380.408163265306
"3604","1407A0020",1.71,1777,1039.18128654971
"3605","1407A0030",6.73,1264,187.815750371471
"3606","1407C1010",1.39,1530,1100.71942446043
"3607","1407C1020",2.71,2003,739.114391143911
"3608","1407C1030",1.74,1678,964.367816091954
"3609","1407C1040",2.33,1883,808.154506437768
"3610","1407C1050",6.68,1752,262.275449101796
"3611","1415A0010",77.01,1329,17.2574990261005
"3612","1415A0020",69.55,2286,32.8684399712437
"3613","1415A0030",33.54,1330,39.6541443053071
"3614","1415C1010",13.02,2097,161.059907834101
"3615","1415C1020",15.63,2148,137.42802303263
"3616","1415C1030",2.42,2000,826.446280991736
"3617","1415C1040",6.14,1875,305.374592833876
"3618","1415C1050",1.42,1510,1063.38028169014
"3619","1415C1060",1.02,1307,1281.37254901961
"3620","1415C1070",0.31,2166,6987.09677419355
"3621","1415C1080",4.83,1507,312.008281573499
"3622","1415C1090",0.96,2033,2117.70833333333
"3623","1415C1100",3.35,2572,767.761194029851
"3624","1415C1110",8.83,1884,213.363533408834
"3625","1415C1120",13.36,1818,136.077844311377
"3626","1419A0010",36.55,1468,40.1641586867305
"3627","1419A0020",15.5,1349,87.0322580645161
"3628","1419A0030",30.96,1557,50.2906976744186
"3629","1419B2010",12.37,2113,170.816491511722
"3630","1419B2020",6.46,1603,248.142414860681
"3631","1419B3010",36.06,1449,40.1830282861897
"3632","1419C1010",7.96,1921,241.331658291457
"3633","1419C1020",10.33,1009,97.676669893514
"3634","1419C1030",6.31,1966,311.568938193344
"3635","1419C1040",4.85,1711,352.783505154639
"3636","1421A0010",64.6,1258,19.4736842105263
"3637","1421A0020",49.91,1036,20.7573632538569
"3638","1421A0030",44.59,1144,25.6559766763848
"3639","1421A0040",30.26,985,32.5512227362855
"3640","1421A0050",65.02,1167,17.9483235927407
"3641","1421A0060",55.54,1367,24.6128916096507
"3642","1421B2010",10.46,2162,206.692160611855
"3643","1421B3010",7.85,1180,150.31847133758
"3644","1421B4010",9.27,1037,111.866235167206
"3645","1421B5010",32.81,1447,44.1024078024992
"3646","1421C1010",9.72,1170,120.37037037037
"3647","1421C1020",6.47,1380,213.292117465224
"3648","1427A0010",3.45,1520,440.579710144928
"3649","1427A0020",4.19,1303,310.978520286396
"3650","1427A0030",107.28,1514,14.1126025354213
"3651","1427B2010",15.14,2597,171.532364597094
"3652","1427C1010",8.13,2118,260.516605166052
"3653","1430A0010",187.99,1784,9.48986648225969
"3654","1430A0020",50.9,1395,27.4066797642436
"3655","1430A0030",104,1467,14.1057692307692
"3656","1430A0040",273.04,1467,5.3728391444477
"3657","1430C1010",9.09,2676,294.389438943894
"3658","1430C1020",8.98,1713,190.75723830735
"3659","1435A0010",65.13,1820,27.9441117764471
"3660","1435A0020",130.36,1625,12.465480208653
"3661","1435A0030",92.26,1830,19.835248211576
"3662","1435A0040",266.08,1972,7.41130487071557
"3663","1435A0050",340.01,1500,4.41163495191318
"3664","1435B2010",14.4,2056,142.777777777778
"3665","1435C1010",8.82,2062,233.786848072562
"3666","1438A0010",712.45,1631,2.28928345848831
"3667","1438C1010",1.84,873,474.45652173913
"3668","1438C1020",10.02,2102,209.780439121757
"3669","1439A0010",237.45,1680,7.07517372078332
"3670","1439A0020",337.91,2013,5.95720754046935
"3671","1439C1010",9.39,1406,149.733759318424
"3672","1439C1020",5.11,1335,261.252446183953
"3673","1440A0010",111.09,2343,21.0910072913854
"3674","1440A0020",137.22,1841,13.4164116018073
"3675","1440B2010",1.77,1694,957.062146892655
"3676","1440B2020",2.69,1628,605.204460966543
"3677","1440B2030",1.65,1886,1143.0303030303
"3678","1440B2040",3.18,1417,445.59748427673
"3679","1440B3010",16.87,978,57.9727326615293
"3680","1440C1010",3.19,2108,660.815047021944
"3681","1440C1020",6.66,1484,222.822822822823
"3682","1440C1030",0.97,2381,2454.63917525773
"3683","1440C1040",1.65,1473,892.727272727273
"3684","1440C1050",2.5,2269,907.6
"3685","1440C1060",8.01,2080,259.675405742821
"3686","1440C1070",5.8,2582,445.172413793103
"3687","1440C1080",1.33,2271,1707.51879699248
"3688","1440C1090",4.66,1659,356.008583690987
"3689","1440C1100",10.25,2352,229.463414634146
"3690","1441A0010",152.93,2602,17.014320277251
"3691","1441B2010",10.32,2591,251.065891472868
"3692","1441B2020",4.09,1185,289.731051344743
"3693","1441B2030",2.1,2520,1200
"3694","1441B2040",11.26,2116,187.921847246892
"3695","1441B3010",3.27,1007,307.951070336391
"3696","1441B4010",3.76,1131,300.797872340426
"3697","1441C1010",3.45,1678,486.376811594203
"3698","1441C1020",11.34,1729,152.469135802469
"3699","1441C1030",2.79,2324,832.974910394265
"3700","1441C1040",1.6,1995,1246.875
"3701","1441C1050",8.6,2020,234.883720930233
"3702","1441C1060",0.96,1301,1355.20833333333
"3703","1441C1070",10.21,1693,165.817825661117
"3704","1441C1080",0.75,1903,2537.33333333333
"3705","1441C1090",3.05,2041,669.180327868852
"3706","1441C1100",5.9,1151,195.084745762712
"3707","1441C1110",3.17,2355,742.902208201893
"3708","1441C1120",6.86,2202,320.991253644315
"3709","1441C1130",2.23,1014,454.708520179372
"3710","1441C1140",1.39,1833,1318.70503597122
"3711","1441C1150",1.77,1703,962.146892655367
"3712","1441C1160",3.74,1718,459.358288770053
"3713","1441C1170",3.02,1894,627.152317880795
"3714","1442A0010",179.33,2179,12.1507834718117
"3715","1442A0020",84.27,1527,18.1203275186899
"3716","1442A0030",149.08,2367,15.8773812718004
"3717","1442C1010",2.93,1153,393.515358361775
"3718","1442C1020",3.39,1863,549.557522123894
"3719","1442C1030",2.39,2136,893.723849372385
"3720","1442C1040",5.37,1159,215.828677839851
"3721","1443A0010",76.35,922,12.0759659462999
"3722","1443A0020",62.35,1687,27.0569366479551
"3723","1443A0030",103.99,1220,11.7318972978171
"3724","1443B2010",8.18,1015,124.083129584352
"3725","1443C1010",4.33,2115,488.452655889145
"3726","1443C1020",8.09,2774,342.892459826947
"3727","1444A0010",135.22,1160,8.57861263126756
"3728","1444A0020",121.46,1304,10.7360447884077
"3729","1444C1010",3.84,1598,416.145833333333
"3730","1444C1020",4.43,1501,338.82618510158
"3731","1445A0010",120.23,2122,17.6495051151959
"3732","1445A0020",104.75,1525,14.5584725536993
"3733","1445C1010",7.52,2009,267.154255319149
"3734","1446A0010",148.78,1077,7.2388761930367
"3735","1446A0020",240.2,921,3.83430474604496
"3736","1446B2010",6.36,1106,173.899371069182
"3737","1446C1010",5.33,2115,396.810506566604
"3738","1446C1020",5.27,1842,349.525616698292
"3739","1447A0010",149.8,851,5.68090787716956
"3740","1447A0020",145.29,1307,8.99580150044738
"3741","1447B2010",12.54,1686,134.44976076555
"3742","1447C1010",7.98,1275,159.774436090226
"3743","1452A0010",133.17,923,6.93099046331756
"3744","1452A0020",228.81,1667,7.28552073772999
"3745","1452A0030",177.07,1205,6.80521827525837
"3746","1452A0040",175.32,1728,9.85626283367557
"3747","1452B2010",8.8,1760,200
"3748","1452B3010",7.7,1131,146.883116883117
"3749","1452C1010",1.82,1165,640.10989010989
"3750","1452C1020",3.99,1305,327.067669172932
"3751","1452C1030",5.35,999,186.728971962617
"3752","1460A0010",318.41,1714,5.38299676517697
"3753","1460A0020",534.47,1957,3.66157127621756
"3754","1460B2010",9.6,1358,141.458333333333
"3755","1460B3010",7.08,965,136.299435028249
"3756","1460C1010",5.36,1492,278.358208955224
"3757","1460C1020",7.17,1652,230.404463040446
"3758","1461A0010",178.81,1509,8.43912532856104
"3759","1461A0020",230.38,1946,8.44691379460023
"3760","1461A0030",94.78,1492,15.741717661954
"3761","1461C1010",4.24,1932,455.660377358491
"3762","1461C1020",5.53,2286,413.381555153707
"3763","1462A0010",62.63,1287,20.5492575443078
"3764","1462A0020",90.3,2070,22.9235880398671
"3765","1462A0030",132.04,2136,16.1769160860345
"3766","1462B2010",7.25,1968,271.448275862069
"3767","1462C1010",7.52,1313,174.601063829787
"3768","1462C1020",3.56,2455,689.606741573034
"3769","1462C1030",6.52,1751,268.558282208589
"3770","1462C1040",3.37,1446,429.080118694362
"3771","1463A0010",114.71,1286,11.2108796094499
"3772","1463A0020",185.43,2215,11.9452084344497
"3773","1463A0030",107.3,2071,19.3010251630941
"3774","1463A0040",97.86,1779,18.17903126916
"3775","1463A0050",163.88,1904,11.6182572614108
"3776","1463A0060",60.5,1047,17.3057851239669
"3777","1463A0070",75.52,1910,25.291313559322
"3778","1463A0080",57.27,1657,28.933123799546
"3779","1463B2010",6.85,1055,154.014598540146
"3780","1463B2020",3.94,1421,360.659898477157
"3781","1463B3010",7.1,1571,221.267605633803
"3782","1463B4010",6.49,1328,204.62249614792
"3783","1463C1010",10.56,2025,191.761363636364
"3784","1463C1020",4.3,1683,391.395348837209
"3785","1463C1030",2.83,1953,690.106007067138
"3786","1463C1040",5.69,2090,367.311072056239
"3787","1463C1050",3.46,1917,554.046242774567
"3788","1463C1060",4.18,808,193.301435406699
"3789","1463C1070",4.61,1012,219.522776572668
"3790","1463C1080",1.11,1561,1406.30630630631
"3791","1463C1090",2.27,1550,682.819383259912
"3792","1463C1100",3.44,1444,419.767441860465
"3793","1465A0010",347.82,1447,4.16019780346156
"3794","1465A0020",338.97,2629,7.75584860017111
"3795","1465A0030",183.84,1698,9.23629242819843
"3796","1465A0040",36.14,1182,32.7061427780852
"3797","1465C1010",5.45,2328,427.155963302752
"3798","1465C1020",7.41,1475,199.055330634278
"3799","1466A0010",113.61,863,7.59616230965584
"3800","1466A0020",206.08,1384,6.71583850931677
"3801","1466A0030",72.09,837,11.6104868913858
"3802","1466A0040",85.07,852,10.0152815328553
"3803","1466B2010",8.82,1281,145.238095238095
"3804","1466C1010",5.18,1864,359.84555984556
"3805","1466C1020",6.48,2360,364.197530864198
"3806","1470A0010",106.37,1082,10.1720409890007
"3807","1470A0020",154.61,1356,8.77045469245198
"3808","1470A0030",91.39,1743,19.0721085457928
"3809","1470A0040",122.64,866,7.06131767775603
"3810","1470A0050",102.06,2026,19.8510679992161
"3811","1470A0060",95.31,1787,18.749344245095
"3812","1470B2010",7.22,1382,191.412742382271
"3813","1470B3010",6.56,993,151.371951219512
"3814","1470C1010",7.43,2372,319.246298788695
"3815","1470C1020",5.4,2459,455.37037037037
"3816","1471A0010",102.33,1017,9.93843447669305
"3817","1471A0020",63.4,1067,16.8296529968454
"3818","1471A0030",75.72,1027,13.5631273111463
"3819","1471A0040",135.31,2009,14.8473874806001
"3820","1471B2010",8.16,1955,239.583333333333
"3821","1471B3010",6.04,916,151.655629139073
"3822","1471C1010",6.72,1569,233.482142857143
"3823","1471C1020",3.91,1409,360.358056265985
"3824","1471C1030",1.87,1095,585.561497326203
"3825","1471C1040",1.77,1154,651.977401129943
"3826","1472A0010",198.52,2583,13.0112834978843
"3827","1472C1010",7.5,1593,212.4
"3828","1472C1020",3.67,1675,456.403269754768
"3829","1472C1030",1.59,2260,1421.38364779874
"3830","1472C1040",4.16,1577,379.086538461538
"3831","1472C1050",4.05,1644,405.925925925926
"3832","1473A0010",249.88,1894,7.57963822634865
"3833","1473A0020",129.29,1248,9.65271869440792
"3834","1473A0030",148.91,1158,7.77650930092002
"3835","1473C1010",4.1,1941,473.414634146341
"3836","1473C1020",6.17,1600,259.319286871961
"3837","1473C1030",2.42,1300,537.190082644628
"3838","1480A0010",8.35,1885,225.748502994012
"3839","1480A0020",8.2,1326,161.707317073171
"3840","1480A0030",42.17,2672,63.362580033199
"3841","1480A0040",48.33,1025,21.208359197186
"3842","1480A0050",18.91,1026,54.2570068746695
"3843","1480B2010",7.49,1482,197.863818424566
"3844","1480C1010",3.48,2894,831.609195402299
"3845","1480C1020",10.03,2261,225.423728813559
"3846","1480C1030",1.86,3627,1950
"3847","1480C1040",1.03,1695,1645.63106796116
"3848","1480C1050",3.32,1857,559.33734939759
"3849","1480C1060",1.66,2527,1522.28915662651
"3850","1480C1070",7.59,2199,289.723320158103
"3851","1480C1080",1.41,1409,999.290780141844
"3852","1480C1090",2.41,1808,750.207468879668
"3853","1480C1100",2.2,2224,1010.90909090909
"3854","1480C1110",1.11,1836,1654.05405405405
"3855","1480C1120",0.84,2633,3134.52380952381
"3856","1480C1130",1.33,1589,1194.73684210526
"3857","1480C1140",1.04,2053,1974.03846153846
"3858","1480C1150",0.6,1548,2580
"3859","1480C1160",1.83,3242,1771.58469945355
"3860","1480C1170",0.4,1431,3577.5
"3861","1480C1180",1.94,1879,968.556701030928
"3862","1480C1190",0.22,1885,8568.18181818182
"3863","1480C1200",1.03,2073,2012.6213592233
"3864","1480C1210",0.22,2209,10040.9090909091
"3865","1480C1220",1.23,1957,1591.05691056911
"3866","1480C1230",0.15,2201,14673.3333333333
"3867","1480C1240",0.27,2085,7722.22222222222
"3868","1480C1250",0.29,2386,8227.58620689655
"3869","1480C1260",1.37,1540,1124.08759124088
"3870","1480C1270",0.6,1627,2711.66666666667
"3871","1480C1280",0.2,2026,10130
"3872","1480C1290",1.21,2565,2119.8347107438
"3873","1480C1300",0.12,1169,9741.66666666667
"3874","1480C1310",0.41,2897,7065.85365853659
"3875","1480C1320",0.35,1899,5425.71428571429
"3876","1480C1330",0.44,2346,5331.81818181818
"3877","1480C1340",0.16,2018,12612.5
"3878","1480C1350",0.1,2305,23050
"3879","1480C1360",2.86,1709,597.552447552448
"3880","1480C1370",0.26,1641,6311.53846153846
"3881","1480C1380",0.36,2434,6761.11111111111
"3882","1480C1390",1.02,1922,1884.3137254902
"3883","1480C1400",0.21,1274,6066.66666666667
"3884","1480C1410",1.03,1947,1890.29126213592
"3885","1480C1420",0.42,3398,8090.47619047619
"3886","1480C1430",0.15,1613,10753.3333333333
"3887","1480C1440",1.15,2321,2018.26086956522
"3888","1480C1450",1.45,2616,1804.13793103448
"3889","1480C1460",0.15,1578,10520
"3890","1480C1470",1.12,2088,1864.28571428571
"3891","1480C1480",0.22,1980,9000
"3892","1480C1490",0.15,1645,10966.6666666667
"3893","1480C1500",0.25,2167,8668
"3894","1480C1510",0.25,2064,8256
"3895","1480C1520",0.22,2510,11409.0909090909
"3896","1480C1530",2.2,2105,956.818181818182
"3897","1480C1540",4.7,1498,318.723404255319
"3898","1480C1550",0.17,2798,16458.8235294118
"3899","1480C1560",0.61,1989,3260.65573770492
"3900","1480C1570",0.57,3893,6829.82456140351
"3901","1480C1580",0.78,1991,2552.5641025641
"3902","1480C1590",0.28,1526,5450
"3903","1480C1600",0.28,2124,7585.71428571429
"3904","1480C1610",0.13,2106,16200
"3905","1480C1620",0.52,3615,6951.92307692308
"3906","1480C1630",2,2005,1002.5
"3907","1480C1640",0.68,1820,2676.47058823529
"3908","1480C1650",0.21,1542,7342.85714285714
"3909","1480C1660",0.22,1515,6886.36363636364
"3910","1480C1670",0.24,2059,8579.16666666667
"3911","1480C1680",0.27,2569,9514.81481481481
"3912","1480C1690",1.35,3354,2484.44444444444
"3913","1480C1700",0.38,2033,5350
"3914","1480C1710",0.97,1998,2059.79381443299
"3915","1480C1720",0.29,1329,4582.75862068966
"3916","1480C1730",0.18,1626,9033.33333333333
"3917","1480C1740",0.08,1801,22512.5
"3918","1480C1750",0.14,1700,12142.8571428571
"3919","1480C1760",0.08,1647,20587.5
"3920","1480C1770",0.36,1729,4802.77777777778
"3921","1480C1780",0.18,2067,11483.3333333333
"3922","1480C1790",0.11,1574,14309.0909090909
"3923","1480C1800",0.06,1531,25516.6666666667
"3924","1480C1810",0.31,1827,5893.54838709677
"3925","1480C1820",1.74,1539,884.48275862069
"3926","1480C1830",0.17,2334,13729.4117647059
"3927","1480C1840",0.1,1460,14600
"3928","1480C1850",0.37,2391,6462.16216216216
"3929","1480C1860",0.1,1832,18320
"3930","1480C1870",0.16,2121,13256.25
"3931","1480C1880",0.32,2011,6284.375
"3932","1480C1890",0.08,1552,19400
"3933","1480C1900",0.16,2224,13900
"3934","1480C1910",0.2,2223,11115
"3935","1480C1920",0.04,1276,31900
"3936","1480C1930",0.05,1533,30660
"3937","1480C1940",0.04,1542,38550
"3938","1480C1950",0.09,1660,18444.4444444444
"3939","1480C1960",0.14,1974,14100
"3940","1480C1970",0.12,1738,14483.3333333333
"3941","1480C1980",0.13,1658,12753.8461538462
"3942","1480C1990",0.04,1420,35500
"3943","1480C2000",0.12,2154,17950
"3944","1480C2010",0.07,1666,23800
"3945","1480C2020",0.1,2076,20760
"3946","1480C2030",0.07,2011,28728.5714285714
"3947","1480C2040",7.17,2029,282.984658298466
"3948","1480C2050",0.09,1940,21555.5555555556
"3949","1480C2060",0.38,1417,3728.94736842105
"3950","1480C2070",0.05,1354,27080
"3951","1480C2080",0.2,1605,8025
"3952","1480C2090",0.06,1697,28283.3333333333
"3953","1480C2100",0.1,1973,19730
"3954","1480C2110",0.4,1904,4760
"3955","1480C2120",0.11,2034,18490.9090909091
"3956","1480C2130",0.06,1544,25733.3333333333
"3957","1480C2140",4.92,2760,560.975609756098
"3958","1480C2150",0.15,1880,12533.3333333333
"3959","1480C2160",0.11,1820,16545.4545454545
"3960","1480C2170",0.36,1729,4802.77777777778
"3961","1480C2180",0.07,1521,21728.5714285714
"3962","1480C2190",0.06,1352,22533.3333333333
"3963","1480C2200",0.09,1573,17477.7777777778
"3964","1480C2210",0.29,2121,7313.79310344828
"3965","1480C2220",0.15,1711,11406.6666666667
"3966","1480C2230",0.14,1915,13678.5714285714
"3967","1480C2240",0.09,1941,21566.6666666667
"3968","1480C2250",0.24,1885,7854.16666666667
"3969","1480C2260",0.9,1327,1474.44444444444
"3970","1480C2270",1.54,3366,2185.71428571429
"3971","1480C2280",0.16,1757,10981.25
"3972","1480C2290",0.12,1804,15033.3333333333
"3973","1480C2300",0.17,1509,8876.47058823529
"3974","1480C2310",0.22,1260,5727.27272727273
"3975","1480C2320",0.21,1841,8766.66666666667
"3976","1480C2330",0.19,1321,6952.63157894737
"3977","1480C2340",0.6,1228,2046.66666666667
"3978","1480C2350",0.31,1620,5225.8064516129
"3979","1480C2360",0.39,2715,6961.53846153846
"3980","1480C2370",0.45,1987,4415.55555555556
"3981","1480C2380",0.23,1657,7204.34782608696
"3982","1480C2390",0.53,1539,2903.77358490566
"3983","1480C2400",0.2,1793,8965
"3984","1480C2410",0.29,1523,5251.72413793103
"3985","1480C2420",0.34,1974,5805.88235294118
"3986","1480C2430",0.09,1730,19222.2222222222
"3987","1480C2440",0.18,2009,11161.1111111111
"3988","1480C2450",0.38,2595,6828.94736842105
"3989","1480C2460",0.41,2077,5065.85365853659
"3990","1480C2470",0.13,1789,13761.5384615385
"3991","1480C2480",0.14,1425,10178.5714285714
"3992","1480C2490",0.04,1869,46725
"3993","1480C2500",0.8,1932,2415
"3994","1480C2510",0.27,1482,5488.88888888889
"3995","1480C2520",0.2,1262,6310
"3996","1480C2530",0.75,1921,2561.33333333333
"3997","1480C2540",0.12,1977,16475
"3998","1480C2550",0.07,1700,24285.7142857143
"3999","1480C2560",1.52,3845,2529.60526315789
"4000","1480C2570",1.88,2064,1097.87234042553
"4001","1480C2580",0.07,1582,22600
"4002","1480C2590",24.81,2832,114.147521160822
"4003","1480C2600",0.12,1315,10958.3333333333
"4004","1480C2610",0.15,1383,9220
"4005","1480C2620",0.3,1784,5946.66666666667
"4006","1480C2630",0.16,2212,13825
"4007","1480C2640",0.57,1617,2836.84210526316
"4008","1480C2650",1.47,1905,1295.91836734694
"4009","1480C2660",2.01,1789,890.049751243781
"4010","1480C2670",0.26,2077,7988.46153846154
"4011","1480C2680",0.09,1238,13755.5555555556
"4012","1480C2690",0.29,1811,6244.8275862069
"4013","1480C2700",0.4,1493,3732.5
"4014","1480C2710",0.96,1870,1947.91666666667
"4015","1480C2720",3.78,2604,688.888888888889
"4016","1480C2730",0.19,2185,11500
"4017","1480C2740",0.12,1675,13958.3333333333
"4018","1480C2750",0.1,1833,18330
"4019","1480C2760",0.11,1319,11990.9090909091
"4020","1480C2770",0.54,1725,3194.44444444444
"4021","1480C2780",0.26,1821,7003.84615384615
"4022","1480C2790",0.13,1451,11161.5384615385
"4023","1480C2800",0.06,1387,23116.6666666667
"4024","1480C2810",0.7,1564,2234.28571428571
"4025","1480C2820",0.23,2689,11691.3043478261
"4026","1480C2830",0.23,1592,6921.73913043478
"4027","1480C2840",0.23,2307,10030.4347826087
"4028","1480C2850",0.2,2625,13125
"4029","1480C2860",0.42,2303,5483.33333333333
"4030","1480C2870",0.11,1375,12500
"4031","1480C2880",0.07,1450,20714.2857142857
"4032","1480C2890",0.41,2396,5843.90243902439
"4033","1480C2900",0.47,1725,3670.21276595745
"4034","1480C2910",0.24,1906,7941.66666666667
"4035","1480C2920",0.23,1246,5417.39130434783
"4036","1480C2930",0.13,1437,11053.8461538462
"4037","1480C2940",0.1,1765,17650
"4038","1480C2950",2.04,3623,1775.98039215686
"4039","1480C2960",0.39,1748,4482.05128205128
"4040","1480C2970",0.42,3001,7145.2380952381
"4041","1480C2980",2.95,1883,638.305084745763
"4042","1480C2990",0.72,2398,3330.55555555556
"4043","1480C3000",0.3,1609,5363.33333333333
"4044","1480C3010",2.14,1632,762.616822429907
"4045","1480C3020",1.29,2063,1599.22480620155
"4046","1480C3030",0.6,1587,2645
"4047","1480C3040",0.5,3191,6382
"4048","1480C3050",0.13,2427,18669.2307692308
"4049","1480C3060",0.25,2227,8908
"4050","1480C3070",0.06,896,14933.3333333333
"4051","1480C3080",0.13,2312,17784.6153846154
"4052","1480C3090",0.27,1471,5448.14814814815
"4053","1480C3100",0.44,2096,4763.63636363636
"4054","1480C3110",2.04,2485,1218.13725490196
"4055","1480C3120",0.48,2197,4577.08333333333
"4056","1480C3130",0.25,2425,9700
"4057","1480C3140",0.36,1967,5463.88888888889
"4058","1480C3150",0.69,2123,3076.8115942029
"4059","1480C3160",2.66,2617,983.834586466165
"4060","1480C3170",1.86,1964,1055.91397849462
"4061","1480C3180",3.89,1997,513.367609254499
"4062","1480C3190",1.14,1592,1396.49122807018
"4063","1480C3200",0.66,1630,2469.69696969697
"4064","1480C3210",0.98,2482,2532.65306122449
"4065","1480C3220",1.51,3934,2605.29801324503
"4066","1480C3230",1.01,2309,2286.13861386139
"4067","1480C3240",0.59,2676,4535.59322033898
"4068","1480C3250",0.54,2255,4175.92592592593
"4069","1480C3260",1.5,2111,1407.33333333333
"4070","1480C3270",0.29,1828,6303.44827586207
"4071","1480C3280",3.47,2097,604.322766570605
"4072","1480C3290",0.19,2508,13200
"4073","1480C3300",1.67,2140,1281.4371257485
"4074","1480C3310",0.5,2009,4018
"4075","1480C3320",0.36,1764,4900
"4076","1480C3330",4.04,1810,448.019801980198
"4077","1480C3340",6.23,2211,354.895666131621
"4078","1480C3350",0.69,1719,2491.30434782609
"4079","1480C3360",1.7,2977,1751.17647058824
"4080","1480C3370",0.31,1852,5974.1935483871
"4081","1480C3380",0.31,2008,6477.41935483871
"4082","1480C3390",0.62,2562,4132.25806451613
"4083","1480C3400",1.45,2961,2042.06896551724
"4084","1480C3410",0.23,2666,11591.3043478261
"4085","1480C3420",0.49,2110,4306.12244897959
"4086","1480C3430",0.75,2250,3000
"4087","1480C3440",0.54,1407,2605.55555555556
"4088","1480C3450",0.62,2653,4279.03225806452
"4089","1480C3460",0.91,2128,2338.46153846154
"4090","1480C3470",4.45,1678,377.078651685393
"4091","1480C3480",0.9,1908,2120
"4092","1480C3490",0.26,1655,6365.38461538462
"4093","1480C3500",0.06,1380,23000
"4094","1480C3510",0.1,1598,15980
"4095","1480C3520",7.23,2133,295.020746887967
"4096","1480C3530",1.34,1535,1145.5223880597
"4097","1480C3540",0.24,2341,9754.16666666667
"4098","1480C3550",0.23,2397,10421.7391304348
"4099","1480C3560",0.34,3438,10111.7647058824
"4100","1480C3570",0.46,2411,5241.30434782609
"4101","1480C3580",0.2,1369,6845
"4102","1480C3590",3.29,3516,1068.69300911854
"4103","1480C3600",1.35,2140,1585.18518518518
"4104","1480C3610",1.01,2466,2441.58415841584
"4105","1480C3620",1.11,2086,1879.27927927928
"4106","1480C3630",5.22,2018,386.590038314176
"4107","1480C3640",0.69,1582,2292.75362318841
"4108","1480C3650",3.38,1257,371.89349112426
"4109","1480C3660",0.23,1712,7443.47826086957
"4110","1480C3670",0.15,1590,10600
"4111","1480C3680",0.67,1963,2929.85074626866
"4112","1480C3690",0.13,1971,15161.5384615385
"4113","1480C3700",0.15,867,5780
"4114","1480C3710",0.55,1834,3334.54545454545
"4115","1480C3720",13.51,2462,182.235381199112
"4116","1480C3730",0.1,2298,22980
"4117","1480C3740",10.83,2845,262.69621421976
"4118","1480C3750",1.4,837,597.857142857143
"4119","1480C3760",0.64,747,1167.1875
"4120","1480C3770",0.44,2718,6177.27272727273
"4121","1480C3780",5.12,1558,304.296875
"4122","1480C3790",3.07,1054,343.322475570033
"4123","1480C3800",8.33,2764,331.812725090036
"4124","1480C3810",0.44,1652,3754.54545454545
"4125","1480C3820",4.1,1560,380.487804878049
"4126","1480C3830",1.37,2313,1688.32116788321
"4127","1480C3840",1.17,1655,1414.52991452991
"4128","1480C3850",0.29,1425,4913.79310344828
"4129","1480C3860",0.43,2668,6204.6511627907
"4130","1480C3870",0.35,1694,4840
"4131","1480C3880",1.61,2476,1537.88819875776
"4132","1480C3890",0.56,2559,4569.64285714286
"4133","1480C3900",0.41,2663,6495.12195121951
"4134","1480C3910",1.79,2530,1413.40782122905
"4135","1480C3920",3.75,2148,572.8
"4136","1480C3930",0.24,1776,7400
"4137","1480C3940",0.34,1545,4544.11764705882
"4138","1480C3950",0.06,1455,24250
"4139","1480C3960",0.45,2023,4495.55555555556
"4140","1480C3970",1.74,1585,910.919540229885
"4141","1480C3980",3.11,2096,673.95498392283
"4142","1480C3990",0.16,1698,10612.5
"4143","1480C4000",0.38,1499,3944.73684210526
"4144","1481A0010",48.62,2042,41.9991772932949
"4145","1481C1010",5.29,1501,283.742911153119
"4146","1481C1020",12.34,1528,123.824959481361
"4147","1481C1030",4.17,1602,384.172661870504
"4148","1481C1040",1.91,1313,687.434554973822
"4149","1481C1050",1.13,1683,1489.38053097345
"4150","1481C1060",0.91,1460,1604.3956043956
"4151","1481C1070",0.95,1354,1425.26315789474
"4152","1481C1080",9.49,1544,162.697576396207
"4153","1481C1090",5.03,1520,302.186878727634
"4154","1481C1100",1.52,1855,1220.39473684211
"4155","1481C1110",6.5,1898,292
"4156","1481C1120",1.52,1305,858.552631578947
"4157","1481C1130",2.02,2258,1117.82178217822
"4158","1481C1140",11.52,2268,196.875
"4159","1481C1150",2.52,1358,538.888888888889
"4160","1481C1160",6.62,1619,244.561933534743
"4161","1481C1170",2.46,1471,597.967479674797
"4162","1481C1180",0.19,1468,7726.31578947368
"4163","1481C1190",0.1,1227,12270
"4164","1481C1200",1.4,3231,2307.85714285714
"4165","1481C1210",0.99,1562,1577.77777777778
"4166","1481C1220",0.4,1968,4920
"4167","1481C1230",0.76,1850,2434.21052631579
"4168","1481C1240",1.89,1671,884.126984126984
"4169","1481C1250",0.38,1338,3521.05263157895
"4170","1481C1260",2.56,1381,539.453125
"4171","1481C1270",0.28,1661,5932.14285714286
"4172","1481C1280",2.26,1722,761.946902654867
"4173","1481C1290",0.64,1439,2248.4375
"4174","1481C1300",0.22,1738,7900
"4175","1481C1310",0.5,1914,3828
"4176","1481C1320",0.17,1283,7547.05882352941
"4177","1481C1330",0.6,2085,3475
"4178","1481C1340",1.56,2800,1794.87179487179
"4179","1481C1350",0.88,1491,1694.31818181818
"4180","1481C1360",3.13,2144,684.984025559105
"4181","1481C1370",0.77,2129,2764.93506493506
"4182","1481C1380",0.88,1540,1750
"4183","1481C1390",0.55,1848,3360
"4184","1481C1400",0.23,1465,6369.5652173913
"4185","1482A0010",20.25,1143,56.4444444444444
"4186","1482A0020",34.8,1818,52.2413793103448
"4187","1482A0030",27.16,2549,93.8512518409426
"4188","1482A0040",36.91,1705,46.1934435112436
"4189","1482A0050",21.73,1053,48.4583525080534
"4190","1482A0060",40.56,1037,25.5670611439842
"4191","1482A0070",25.98,991,38.144726712856
"4192","1482A0080",62.37,1580,25.3326919993587
"4193","1482B2010",9.36,1613,172.32905982906
"4194","1482B2020",8.4,917,109.166666666667
"4195","1482B2030",8.09,1877,232.014833127318
"4196","1482B2040",11.71,789,67.3783091374893
"4197","1482B3010",7.59,1779,234.387351778656
"4198","1482B4010",3.98,1348,338.693467336683
"4199","1482C1010",4.76,3142,660.084033613445
"4200","1482C1020",5.22,1988,380.842911877395
"4201","1482C1030",0.84,1584,1885.71428571429
"4202","1482C1040",0.8,1854,2317.5
"4203","1482C1050",0.74,1368,1848.64864864865
"4204","1482C1060",0.17,1607,9452.94117647059
"4205","1482C1070",0.22,1086,4936.36363636364
"4206","1482C1080",2.63,1686,641.06463878327
"4207","1482C1090",0.57,1894,3322.80701754386
"4208","1482C1100",0.16,1190,7437.5
"4209","1482C1110",0.46,1836,3991.30434782609
"4210","1482C1120",6.69,1120,167.414050822123
"4211","1482C1130",3.73,2521,675.871313672922
"4212","1482C1140",1.55,1827,1178.70967741935
"4213","1482C1150",2.24,2076,926.785714285714
"4214","1482C1160",13.24,2807,212.009063444109
"4215","1484A0010",26.44,1427,53.9712556732224
"4216","1484A0020",47.19,1172,24.8357702903157
"4217","1484A0030",110.05,1690,15.3566560654248
"4218","1484B2010",16.69,2309,138.346315158778
"4219","1484C1010",1.16,1380,1189.65517241379
"4220","1484C1020",3.07,1710,557.00325732899
"4221","1484C1030",0.38,1335,3513.15789473684
"4222","1484C1040",0.79,1469,1859.49367088608
"4223","1484C1050",2.67,1477,553.183520599251
"4224","1485A0010",114.56,3070,26.7981843575419
"4225","1485A0020",94.89,1141,12.0244493624196
"4226","1485A0030",64.75,1591,24.5714285714286
"4227","1485A0040",35.18,1926,54.7470153496305
"4228","1485A0050",19.66,1027,52.2380467955239
"4229","1485A0060",96.14,1635,17.0064489286457
"4230","1485A0070",121.38,1702,14.0220794200033
"4231","1485B2010",2.86,1329,464.685314685315
"4232","1485B2020",2.94,1013,344.557823129252
"4233","1485B2030",15.06,2684,178.220451527224
"4234","1485C1010",15.13,1479,97.752808988764
"4235","1485C1020",3.22,1919,595.962732919255
"4236","1485C1030",3.05,1812,594.098360655738
"4237","1485C1040",10.61,1788,168.520263901979
"4238","1485C1050",0.22,1930,8772.72727272727
"4239","1485C1060",0.33,1749,5300
"4240","1485C1070",0.56,2310,4125
"4241","1485C1080",1.79,1465,818.435754189944
"4242","1485C1090",2.65,2343,884.150943396226
"4243","1485C1100",0.21,1381,6576.19047619048
"4244","1485C1110",0.78,1294,1658.97435897436
"4245","1485C1120",10.06,1130,112.326043737575
"4246","1485C1130",0.82,2211,2696.34146341463
"4247","1485C1140",6.91,1252,181.186685962373
"4248","1485C1150",0.75,1740,2320
"4249","1485C1160",0.29,1777,6127.58620689655
"4250","1485C1170",3.77,1399,371.087533156499
"4251","1485C1180",2.14,1864,871.028037383178
"4252","1485C1190",0.52,1301,2501.92307692308
"4253","1485C1200",0.57,1482,2600
"4254","1485C1210",2.86,1738,607.692307692308
"4255","1485C1220",0.27,1819,6737.03703703704
"4256","1485C1230",1.92,1301,677.604166666667
"4257","1485C1240",0.8,1443,1803.75
"4258","1486A0010",88.64,1696,19.1335740072202
"4259","1486A0020",214.2,2333,10.8916900093371
"4260","1486A0030",147.17,1113,7.56268261194537
"4261","1486C1010",1.3,1675,1288.46153846154
"4262","1486C1020",4.34,1890,435.483870967742
"4263","1486C1030",1.38,2663,1929.71014492754
"4264","1486C1040",10.41,2106,202.305475504323
"4265","1487A0010",124.56,1721,13.8166345536288
"4266","1487A0020",59.33,783,13.1973706387999
"4267","1487A0030",75.27,1923,25.5480271024312
"4268","1487A0040",130.62,1494,11.437758383096
"4269","1487A0050",205.93,2005,9.73631816636721
"4270","1487B2010",8.06,1533,190.198511166253
"4271","1487C1010",3.52,1263,358.806818181818
"4272","1487C1020",3.15,1874,594.920634920635
"4273","1487C1030",3.16,1589,502.848101265823
"4274","1487C1040",1.12,1399,1249.10714285714
"4275","1487C1050",1.34,1570,1171.64179104478
"4276","1487C1060",1.68,1516,902.380952380952
"4277","1487C1070",0.26,1397,5373.07692307692
"4278","1487C1080",1.95,1745,894.871794871795
"4279","1487C1090",0.23,1749,7604.34782608696
"4280","1487C1100",6.56,1617,246.493902439024
"4281","1487C1110",0.3,896,2986.66666666667
"4282","1487C1120",8.84,2356,266.515837104072
"4283","1487C1130",0.22,1232,5600
"4284","1487C1140",0.56,1575,2812.5
"4285","1487C1150",2.22,2342,1054.95495495495
"4286","1487C1160",0.17,1487,8747.05882352941
"4287","1487C1170",0.47,1464,3114.89361702128
"4288","1487C1180",3.8,1877,493.947368421053
"4289","1487C1190",0.31,1605,5177.41935483871
"4290","1488A0010",53.05,1141,21.5080113100848
"4291","1488A0020",44.42,819,18.4376407023863
"4292","1488A0030",175.49,2053,11.6986722890193
"4293","1488A0040",77.09,2446,31.7291477493838
"4294","1488B2010",12.87,2300,178.710178710179
"4295","1488C1010",2.32,2481,1069.39655172414
"4296","1488C1020",1.03,1879,1824.27184466019
"4297","1488C1030",0.83,1775,2138.55421686747
"4298","1488C1040",2.55,2088,818.823529411765
"4299","1488C1050",1.79,1926,1075.97765363128
"4300","1488C1060",0.47,1427,3036.17021276596
"4301","1488C1070",0.12,1086,9050
"4302","1488C1080",1.03,2554,2479.61165048544
"4303","1488C1090",0.31,1423,4590.32258064516
"4304","1488C1100",0.32,1594,4981.25
"4305","1488C1110",0.99,2261,2283.83838383838
"4306","1488C1120",4.34,1807,416.359447004608
"4307","1488C1130",0.18,1916,10644.4444444444
"4308","1488C1140",1.44,1922,1334.72222222222
"4309","1488C1150",0.43,1142,2655.81395348837
"4310","1488C1160",0.17,1681,9888.23529411765
"4311","1488C1170",1.28,1579,1233.59375
"4312","1488C1180",0.66,2683,4065.15151515152
"4313","1488C1190",0.38,1702,4478.94736842105
"4314","1488C1200",1.55,2175,1403.22580645161
"4315","1488C1210",0.56,1799,3212.5
"4316","1488C1220",0.14,1410,10071.4285714286
"4317","1488C1230",6.12,2692,439.869281045752
"4318","1488C1240",2.02,1501,743.069306930693
"4319","1488C1250",2.28,1404,615.789473684211
"4320","1488C1260",5.37,2091,389.385474860335
"4321","1488C1270",8.02,2316,288.778054862843
"4322","1489A0010",56.76,1771,31.2015503875969
"4323","1489A0020",73.12,1384,18.9277899343545
"4324","1489A0030",64.86,1120,17.267961763799
"4325","1489A0040",74.35,1545,20.7800941492939
"4326","1489A0050",142.73,2478,17.3614516920059
"4327","1489B2010",10.65,2731,256.431924882629
"4328","1489B2020",12.76,1829,143.33855799373
"4329","1489B3010",9.2,1505,163.586956521739
"4330","1489C1010",2.85,2146,752.982456140351
"4331","1489C1020",3.15,2636,836.825396825397
"4332","1489C1030",1.02,1592,1560.78431372549
"4333","1489C1040",3.38,2221,657.100591715976
"4334","1489C1050",0.65,2108,3243.07692307692
"4335","1489C1060",0.71,1626,2290.14084507042
"4336","1489C1070",4.17,2473,593.045563549161
"4337","1489C1080",0.41,1963,4787.80487804878
"4338","1489C1090",0.95,1875,1973.68421052632
"4339","1489C1100",1.29,1856,1438.75968992248
"4340","1489C1110",0.38,1409,3707.89473684211
"4341","1489C1120",2.7,1273,471.481481481481
"4342","1489C1130",2.36,1283,543.64406779661
"4343","1489C1140",1.53,1902,1243.13725490196
"4344","1489C1150",2.02,1656,819.80198019802
"4345","1490A0010",90.74,877,9.66497685695393
"4346","1490A0020",64.22,1239,19.2930551230146
"4347","1490A0030",126.61,1532,12.1001500671353
"4348","1490A0040",51.24,1090,21.2724434035909
"4349","1490A0050",29.84,982,32.9088471849866
"4350","1490A0060",67.97,1335,19.6410180962189
"4351","1490A0070",90.96,2230,24.5162708883026
"4352","1490A0080",76.49,1321,17.2702314027978
"4353","1490A0090",59.26,891,15.0354370570368
"4354","1490A0100",93.5,1375,14.7058823529412
"4355","1490B2010",8.45,1103,130.532544378698
"4356","1490B2020",6.98,1059,151.719197707736
"4357","1490B2030",5.38,1589,295.353159851301
"4358","1490B2040",6.76,1527,225.887573964497
"4359","1490B3010",7.41,1629,219.838056680162
"4360","1490B3020",1.72,1601,930.813953488372
"4361","1490B3030",4.99,829,166.132264529058
"4362","1490B4010",6.04,949,157.119205298013
"4363","1490B4020",5.64,1741,308.687943262411
"4364","1490C1010",2.55,2371,929.803921568628
"4365","1490C1020",2.76,1104,400
"4366","1490C1030",2.26,1365,603.982300884956
"4367","1490C1040",14.47,1623,112.163096060815
"4368","1490C1050",0.88,2010,2284.09090909091
"4369","1490C1060",0.23,1045,4543.47826086957
"4370","1490C1070",1.74,1586,911.494252873563
"4371","1490C1080",0.16,1254,7837.5
"4372","1490C1090",0.28,1055,3767.85714285714
"4373","1490C1100",0.39,1208,3097.4358974359
"4374","1490C1110",0.45,1677,3726.66666666667
"4375","1490C1120",0.46,2792,6069.5652173913
"4376","1490C1130",0.83,1624,1956.6265060241
"4377","1490C1140",1.66,1579,951.204819277109
"4378","1490C1150",3.45,2464,714.202898550725
"4379","1490C1160",3.56,1282,360.112359550562
"4380","1490C1170",4.3,2245,522.093023255814
"4381","1490C1180",0.77,1488,1932.46753246753
"4382","1490C1190",0.23,1724,7495.65217391304
"4383","1490C1200",0.21,1408,6704.7619047619
"4384","1490C1210",0.52,1527,2936.53846153846
"4385","1490C1220",0.52,1648,3169.23076923077
"4386","1490C1230",2.56,1672,653.125
"4387","1490C1240",0.37,1030,2783.78378378378
"4388","1490C1250",0.18,840,4666.66666666667
"4389","1490C1260",0.9,1597,1774.44444444444
"4390","1490C1270",0.59,1416,2400
"4391","1490C1280",0.31,957,3087.09677419355
"4392","1490C1290",0.55,2072,3767.27272727273
"4393","1490C1300",0.33,2354,7133.33333333333
"4394","1490C1310",4.11,1515,368.613138686131
"4395","1490C1320",0.13,1420,10923.0769230769
"4396","1490C1330",0.16,1010,6312.5
"4397","1490C1340",0.06,1589,26483.3333333333
"4398","1490C1350",0.68,1562,2297.05882352941
"4399","1490C1360",0.19,1131,5952.63157894737
"4400","1490C1370",0.41,1826,4453.65853658537
"4401","1490C1380",0.22,916,4163.63636363636
"4402","1490C1390",0.94,1347,1432.97872340426
"4403","1490C1400",2.4,1750,729.166666666667
"4404","1490C1410",0.38,1652,4347.36842105263
"4405","1490C1420",1.39,1846,1328.05755395683
"4406","1490C1430",2.81,1813,645.195729537367
"4407","1490C1440",4.15,1631,393.012048192771
"4408","1490C1450",4.86,2192,451.028806584362
"4409","1490C1460",1.51,1586,1050.33112582781
"4410","1490C1470",0.37,981,2651.35135135135
"4411","1490C1480",0.15,1103,7353.33333333333
"4412","1490C1490",0.38,856,2252.63157894737
"4413","1490C1500",0.33,1824,5527.27272727273
"4414","1490C1510",0.1,970,9700
"4415","1490C1520",3.51,1972,561.823361823362
"4416","1490C1530",6.57,2074,315.677321156773
"4417","1490C1540",5.73,1716,299.476439790576
"4418","1490C1550",4.39,1076,245.102505694761
"4419","1490C1560",1.34,1374,1025.37313432836
"4420","1490C1570",4.43,1775,400.677200902935
"4421","1490C1580",5.59,1169,209.12343470483
"4422","1491A0010",162.14,2594,15.9985197977057
"4423","1491A0020",129.27,2427,18.7746576932003
"4424","1491A0030",306.34,1463,4.77573937455115
"4425","1491A0040",133.63,2552,19.0975080446008
"4426","1491A0050",171.59,2083,12.1394020630573
"4427","1491A0060",112.74,808,7.16693276565549
"4428","1491B2010",11.94,1268,106.197654941374
"4429","1491C1010",2.99,1665,556.85618729097
"4430","1491C1020",2.93,1925,656.996587030717
"4431","1491C1030",1.57,1578,1005.09554140127
"4432","1491C1040",0.7,1926,2751.42857142857
"4433","1491C1050",2.05,1850,902.439024390244
"4434","1491C1060",4.62,1288,278.787878787879
"4435","1491C1070",3.34,1660,497.005988023952
"4436","1492A0010",335.65,1991,5.93177416952182
"4437","1492A0020",130.25,967,7.42418426103647
"4438","1492C1010",4.6,1704,370.434782608696
"4439","1492C1020",4.11,1637,398.296836982968
"4440","1492C1030",1.03,2232,2166.99029126214
"4441","1492C1040",1.06,1974,1862.2641509434
"4442","1492C1050",4.27,1501,351.52224824356
"4443","1493A0010",160.48,1984,12.3629112662014
"4444","1493A0020",110.96,1568,14.1312184571017
"4445","1493A0030",202.3,1840,9.09540286702916
"4446","1493A0040",97.55,1507,15.4484879548949
"4447","1493C1010",6.71,902,134.426229508197
"4448","1493C1020",3.99,1407,352.631578947368
"4449","1493C1030",5.51,1196,217.059891107078
"4450","1493C1040",0.9,1201,1334.44444444444
"4451","1493C1050",1.08,2559,2369.44444444444
"4452","1493C1060",0.58,1758,3031.03448275862
"4453","1493C1070",2.72,1539,565.808823529412
"4454","1493C1080",3.74,2231,596.524064171123
"4455","1493C1090",0.79,1316,1665.82278481013
"4456","1493C1100",4.05,2099,518.271604938272
"4457","1493C1110",0.91,1540,1692.30769230769
"4458","1494A0010",72.61,1338,18.4272138823853
"4459","1494A0020",146.91,2098,14.2808522224491
"4460","1494A0030",127.22,1580,12.4194309070901
"4461","1494A0040",27.97,998,35.6810868787987
"4462","1494A0050",115.13,2097,18.2141926517849
"4463","1494A0060",81.53,1316,16.1412976818349
"4464","1494A0070",87.12,1719,19.7314049586777
"4465","1494B2010",5.93,1158,195.278246205734
"4466","1494C1010",3.31,1882,568.580060422961
"4467","1494C1020",2.88,1825,633.680555555556
"4468","1494C1030",0.91,1772,1947.25274725275
"4469","1494C1040",3.79,1838,484.960422163588
"4470","1494C1050",1.95,2145,1100
"4471","1494C1060",0.25,1773,7092
"4472","1494C1070",0.35,1531,4374.28571428571
"4473","1494C1080",0.67,1675,2500
"4474","1494C1090",6.91,1849,267.583212735166
"4475","1494C1100",1.93,1999,1035.75129533679
"4476","1494C1110",1.19,1766,1484.03361344538
"4477","1494C1120",1.2,1917,1597.5
"4478","1494C1130",1.55,1703,1098.70967741935
"4479","1494C1140",3.09,1558,504.2071197411
"4480","1494C1150",4.15,3002,723.373493975904
"4481","1495A0010",157.47,1644,10.4400838254906
"4482","1495A0020",133.42,2091,15.6723129965522
"4483","1495A0030",108.33,2093,19.3205944798301
"4484","1495B2010",6.1,1180,193.44262295082
"4485","1495C1010",5.57,1158,207.899461400359
"4486","1495C1020",5.5,1732,314.909090909091
"4487","1495C1030",0.41,1355,3304.87804878049
"4488","1495C1040",0.29,1149,3962.06896551724
"4489","1495C1050",0.66,2031,3077.27272727273
"4490","1495C1060",2.38,1638,688.235294117647
"4491","1495C1070",7.39,2583,349.526387009472
"4492","1496A0010",130.19,1690,12.9810277287042
"4493","1496A0020",83.55,1149,13.7522441651706
"4494","1496A0030",73.49,2316,31.5144917675874
"4495","1496A0040",81.71,1259,15.4081507771387
"4496","1496A0050",74.72,1482,19.8340471092077
"4497","1496A0060",139.23,2112,15.1691445809093
"4498","1496A0070",25.03,1279,51.0986815821015
"4499","1496B2010",6.48,1560,240.740740740741
"4500","1496B3010",8.39,1131,134.803337306317
"4501","1496C1010",1.23,2034,1653.65853658537
"4502","1496C1020",9.63,1941,201.557632398754
"4503","1496C1030",1.64,1962,1196.34146341463
"4504","1496C1040",9.15,1455,159.016393442623
"4505","1496C1050",0.65,2073,3189.23076923077
"4506","1496C1060",4.45,1823,409.662921348315
"4507","1496C1070",0.88,2182,2479.54545454545
"4508","1496C1080",0.46,1857,4036.95652173913
"4509","1496C1090",1.51,2441,1616.55629139073
"4510","1496C1100",1.26,2515,1996.03174603175
"4511","1496C1110",0.2,1075,5375
"4512","1496C1120",0.32,2134,6668.75
"4513","1496C1130",0.23,1746,7591.30434782609
"4514","1496C1140",0.36,1333,3702.77777777778
"4515","1496C1150",1.62,1817,1121.6049382716
"4516","1496C1160",1.4,2325,1660.71428571429
"4517","1496C1170",4.19,2670,637.231503579952
"4518","1496C1180",4.74,3383,713.713080168776
"4519","1496C1190",0.7,1060,1514.28571428571
"4520","1496C1200",0.78,2227,2855.12820512821
"4521","1496C1210",0.65,1693,2604.61538461538
"4522","1496C1220",6.48,2039,314.66049382716
"4523","1497A0010",217.09,1863,8.58169422820029
"4524","1497A0020",67.96,891,13.1106533254856
"4525","1497C1010",2.64,1878,711.363636363636
"4526","1497C1020",4.35,1458,335.172413793103
"4527","1497C1030",3.56,1448,406.741573033708
"4528","1497C1040",1.51,1720,1139.07284768212
"4529","1498A0010",219.96,1717,7.80596472085834
"4530","1498A0020",187.96,1830,9.73611406682273
"4531","1498A0030",94.41,884,9.3634148924902
"4532","1498C1010",1.07,1808,1689.71962616822
"4533","1498C1020",6.25,1800,288
"4534","1498C1030",4.24,1163,274.292452830189
"4535","1498C1040",0.81,1962,2422.22222222222
"4536","1498C1050",3.15,1675,531.746031746032
"4537","1499A0010",217.76,1723,7.91238060249816
"4538","1499A0020",216.12,2382,11.0216546363132
"4539","1499A0030",197.6,1174,5.9412955465587
"4540","1499A0040",95.34,1144,11.9991608978393
"4541","1499A0050",85.25,1703,19.9765395894428
"4542","1499A0060",119.05,1565,13.1457370852583
"4543","1499A0070",68.89,799,11.5982000290318
"4544","1499B2010",6.79,1918,282.474226804124
"4545","1499B3010",9.59,1623,169.238790406674
"4546","1499B4010",7.55,995,131.788079470199
"4547","1499C1010",3.02,2672,884.76821192053
"4548","1499C1020",2.92,1658,567.808219178082
"4549","1499C1030",3.03,2297,758.085808580858
"4550","1499C1040",0.51,1790,3509.80392156863
"4551","1499C1050",0.32,1825,5703.125
"4552","1499C1060",1.31,2146,1638.1679389313
"4553","1499C1070",2.72,1804,663.235294117647
"4554","1499C1080",2.39,2823,1181.17154811715
"4555","1499C1090",3.46,950,274.566473988439
"4556","1715A0010",56.46,1010,17.8887708111938
"4557","1715A0020",117.12,996,8.50409836065574
"4558","1715A0030",165.13,1666,10.0890207715134
"4559","1715C1010",1.37,2150,1569.34306569343
"4560","1715C1020",4.67,2296,491.648822269807
"4561","1715C1030",8.39,2086,248.629320619785
"4562","1715C1040",7.72,1881,243.652849740933
"4563","1730A0010",290.84,1552,5.33626736349883
"4564","1730A0020",251.85,1148,4.55826881080008
"4565","1730A0030",262.86,1816,6.90862055847219
"4566","1730B2010",5.29,1426,269.565217391304
"4567","1730C1010",9.29,2557,275.24219590958
"4568","1737A0010",329.51,947,2.87396437133926
"4569","1737A0020",612.72,1076,1.75610393001697
"4570","1737A0030",708.35,1643,2.31947483588621
"4571","1737A0040",1259.75,1513,1.20103195078389
"4572","1737A0050",1224.82,984,0.803383354288793
"4573","1737C1010",7.54,1596,211.671087533157
"4574","1737C1020",3.5,1451,414.571428571429
"4575","1737C1030",15.99,2177,136.147592245153
"4576","1760A0010",382.82,1853,4.84039496369051
"4577","1760C1010",8.5,1948,229.176470588235
"4578","1761A0010",29.66,1364,45.987862440998
"4579","1761C1010",1.32,1973,1494.69696969697
"4580","1761C1020",1.19,1840,1546.21848739496
"4581","1761C1030",0.85,1838,2162.35294117647
"4582","1761C1040",5.63,1777,315.63055062167
"4583","1761C1050",2.13,1744,818.779342723005
"4584","1761C1060",11.24,2300,204.626334519573
"4585","1761C1070",2.69,2089,776.579925650558
"4586","1761C1080",4.75,2015,424.210526315789
"4587","1762A0010",124.37,684,5.49971858165152
"4588","1762C1010",9.11,1078,118.331503841932
"4589","1762C1020",7.87,1907,242.312579415502
"4590","1763A0010",320.12,1722,5.37923278770461
"4591","1763B2010",6.51,1774,272.503840245776
"4592","1763B2020",4.14,1168,282.125603864734
"4593","1763C1010",5.51,2363,428.856624319419
"4594","1763C1020",8.79,2418,275.085324232082
"4595","1763C1030",3.33,2093,628.528528528529
"4596","1764A0010",106.61,1175,11.0214801613357
"4597","1764A0020",261.5,1769,6.76481835564054
"4598","1764C1010",5.26,1112,211.406844106464
"4599","1764C1020",3.23,1554,481.114551083591
"4600","1764C1030",0.58,988,1703.44827586207
"4601","1764C1040",1.01,1425,1410.89108910891
"4602","1764C1050",8.2,1034,126.09756097561
"4603","1765A0010",259.42,936,3.60804872407679
"4604","1765A0020",487.28,1415,2.90387456903628
"4605","1765A0030",338.57,1435,4.23841450807809
"4606","1765A0040",303.71,1287,4.23759507424846
"4607","1765B2010",7.37,1410,191.316146540027
"4608","1765C1010",4.46,1026,230.044843049327
"4609","1765C1020",2.67,837,313.483146067416
"4610","1765C1030",5.95,1547,260
"4611","1766A0010",228.76,1867,8.16139185172233
"4612","1766A0020",79.28,856,10.7971745711403
"4613","1766A0030",229.74,1996,8.68808217985549
"4614","1766A0040",416.06,1161,2.79046291400279
"4615","1766A0050",175.08,1009,5.7630797349783
"4616","1766A0060",145.41,1267,8.71329344611787
"4617","1766C1010",3.1,1627,524.838709677419
"4618","1766C1020",5.34,1250,234.082397003745
"4619","1766C1030",0.79,1310,1658.22784810127
"4620","1766C1040",4.42,1023,231.447963800905
"4621","1780A0010",155.43,1168,7.51463681399987
"4622","1780A0020",255.84,2033,7.9463727329581
"4623","1780A0030",82.99,1324,15.9537293649837
"4624","1780A0040",96.35,1477,15.3295277633627
"4625","1780A0050",98.96,906,9.1552142279709
"4626","1780A0060",345.57,1690,4.89047081633244
"4627","1780B2010",5.77,1253,217.157712305026
"4628","1780B2020",8.68,1872,215.668202764977
"4629","1780B3010",14.84,2134,143.800539083558
"4630","1780B4010",6.3,982,155.873015873016
"4631","1780C1010",8.16,2247,275.367647058824
"4632","1780C1020",1.35,1909,1414.07407407407
"4633","1780C1030",3.61,2621,726.038781163435
"4634","1780C1040",0.86,5427,6310.46511627907
"4635","1780C1050",0.77,1642,2132.46753246753
"4636","1780C1060",8.42,1616,191.923990498812
"4637","1780C1070",0.86,1873,2177.90697674419
"4638","1780C1080",0.18,1862,10344.4444444444
"4639","1780C1090",0.23,1632,7095.65217391304
"4640","1780C1100",0.17,1768,10400
"4641","1780C1110",0.51,1951,3825.49019607843
"4642","1780C1120",0.2,1570,7850
"4643","1780C1130",0.19,1820,9578.94736842105
"4644","1780C1140",0.43,1718,3995.3488372093
"4645","1780C1150",0.3,1712,5706.66666666667
"4646","1780C1160",0.29,1630,5620.68965517241
"4647","1780C1170",1.28,2122,1657.8125
"4648","1780C1180",0.93,1985,2134.40860215054
"4649","1780C1190",3.84,1947,507.03125
"4650","1780C1200",0.43,1947,4527.90697674419
"4651","1780C1210",0.71,1890,2661.97183098592
"4652","1780C1220",0.49,1622,3310.20408163265
"4653","1780C1230",3.72,1749,470.161290322581
"4654","1780C1240",3.35,1921,573.432835820896
"4655","1780C1250",0.38,1926,5068.42105263158
"4656","1780C1260",0.48,1293,2693.75
"4657","1780C1270",0.68,1757,2583.82352941176
"4658","1780C1280",6.26,1094,174.760383386581
"4659","1780C1290",0.81,1724,2128.39506172839
"4660","1780C1300",0.37,1554,4200
"4661","1780C1310",1.11,1600,1441.44144144144
"4662","1780C1320",2.69,1878,698.141263940521
"4663","1780C1330",1.04,1513,1454.80769230769
"4664","1780C1340",0.43,2251,5234.88372093023
"4665","1780C1350",0.57,1391,2440.35087719298
"4666","1780C1360",3.56,1832,514.606741573034
"4667","1780C1370",0.95,2463,2592.63157894737
"4668","1780C1380",5.47,2082,380.621572212066
"4669","1780C1390",4.47,2302,514.988814317673
"4670","1780C1400",6.29,2879,457.710651828299
"4671","1780C1410",1.98,1276,644.444444444444
"4672","1780C1420",6.94,2436,351.008645533141
"4673","1780C1430",11.19,962,85.9696157283289
"4674","1781A0010",293.52,1967,6.70141727991278
"4675","1781A0020",243.97,1002,4.10706234373079
"4676","1781A0030",181.58,1383,7.61647758563718
"4677","1781B2010",6.41,1052,164.11856474259
"4678","1781C1010",7.46,1961,262.868632707775
"4679","1781C1020",3.47,1887,543.804034582133
"4680","1781C1030",1.43,961,672.027972027972
"4681","1781C1040",1.32,1181,894.69696969697
"4682","1781C1050",0.77,1488,1932.46753246753
"4683","1781C1060",0.41,1031,2514.63414634146
"4684","1781C1070",0.59,1505,2550.84745762712
"4685","1781C1080",0.32,1835,5734.375
"4686","1781C1090",4.31,1653,383.526682134571
"4687","1781C1100",1.44,1727,1199.30555555556
"4688","1781C1110",4.79,1718,358.66388308977
"4689","1781C1120",3.53,1466,415.297450424929
"4690","1782A0010",155.28,922,5.9376609994848
"4691","1782A0020",560.94,1266,2.25692587442507
"4692","1782A0030",796.48,1007,1.26431297709924
"4693","1782B2010",7.18,739,102.924791086351
"4694","1782C1010",3.26,1675,513.803680981595
"4695","1782C1020",1.91,1715,897.905759162304
"4696","1782C1030",6.41,1524,237.753510140406
"4697","1782C1040",2.58,1186,459.68992248062
"4698","1783A0010",331.48,1071,3.23096416073368
"4699","1783A0020",299.66,1388,4.63191617166122
"4700","1783A0030",668.23,995,1.48900827559373
"4701","1783A0040",491.54,1225,2.49216747365423
"4702","1783B2010",9.26,1056,114.038876889849
"4703","1783B3010",6.87,1008,146.724890829694
"4704","1783C1010",11.81,1783,150.973751058425
"4705","1783C1020",1.42,1979,1393.66197183099
"4706","1783C1030",3.93,1031,262.34096692112
"4707","1784A0010",264.45,947,3.58101720552089
"4708","1784A0020",197.52,1408,7.12839206156339
"4709","1784A0030",18.81,1281,68.1020733652313
"4710","1784A0040",113.76,1393,12.2450773558368
"4711","1784A0050",223.7,1671,7.46982565936522
"4712","1784A0060",357.41,2607,7.29414398030273
"4713","1784A0070",447.01,1940,4.3399476521778
"4714","1784C1010",2.74,1312,478.832116788321
"4715","1784C1020",6.78,2095,308.997050147493
"4716","1784C1030",0.41,2010,4902.43902439024
"4717","1784C1040",1.83,1282,700.546448087432
"4718","1784C1050",0.48,1516,3158.33333333333
"4719","1784C1060",0.88,1450,1647.72727272727
"4720","1784C1070",2.26,1925,851.769911504425
"4721","1784C1080",1.04,1232,1184.61538461538
"4722","1784C1090",9.92,1613,162.600806451613
"4723","1785A0010",276.76,969,3.5012285012285
"4724","1785A0020",171.26,1384,8.08127992525984
"4725","1785A0030",237.55,1397,5.88086718585561
"4726","1785A0040",162.75,994,6.10752688172043
"4727","1785A0050",354.18,1343,3.79185724772714
"4728","1785C1010",3.63,1563,430.578512396694
"4729","1785C1020",3.76,2179,579.521276595745
"4730","1785C1030",2.48,1448,583.870967741935
"4731","1785C1040",4.94,2242,453.846153846154
"4732","1785C1050",4.01,1492,372.069825436409
"4733","1814A0010",152.89,1456,9.52318660474851
"4734","1814A0020",118.18,1069,9.04552377728888
"4735","1814A0030",167.64,1438,8.57790503459795
"4736","1814B2010",10.95,1849,168.858447488584
"4737","1814C1010",9.2,1763,191.630434782609
"4738","1814C1020",4.83,1031,213.457556935818
"4739","1860A0010",327.16,1375,4.20283653258345
"4740","1860A0020",261.02,933,3.57443874032641
"4741","1860C1010",8.06,1575,195.409429280397
"4742","1860C1020",5.47,1614,295.063985374772
"4743","1861A0010",370.11,1670,4.51217205695604
"4744","1861A0020",133.14,1791,13.4520054078414
"4745","1861A0030",92.46,1593,17.2290720311486
"4746","1861B2010",7.44,1657,222.715053763441
"4747","1861B3010",8.12,1159,142.733990147783
"4748","1861C1010",5.73,1583,276.265270506108
"4749","1861C1020",1.43,1537,1074.82517482517
"4750","1861C1030",4.17,1246,298.800959232614
"4751","1861C1040",9.1,1591,174.835164835165
"4752","1861C1050",5.06,2405,475.296442687747
"4753","1862A0010",170.34,841,4.93718445462017
"4754","1862A0020",194.97,1317,6.75488536697954
"4755","1862C1010",2.56,1586,619.53125
"4756","1862C1020",4.71,1165,247.346072186837
"4757","1862C1030",1.56,1648,1056.41025641026
"4758","1862C1040",4.02,836,207.960199004975
"4759","1862C1050",5.81,1964,338.037865748709
"4760","1863A0010",356.23,1510,4.23883446088201
"4761","1863A0020",614.47,848,1.38005110094879
"4762","1863C1010",3.14,1567,499.044585987261
"4763","1863C1020",6.79,1592,234.462444771723
"4764","1863C1030",3.87,978,252.713178294574
"4765","1864A0010",556.06,1594,2.86659712980614
"4766","1864C1010",17.61,1452,82.4531516183986
"4767","1864C1020",2.09,1361,651.196172248804
"4768","1880A0010",152.27,954,6.26518683916727
"4769","1880A0020",53.21,925,17.3839503852659
"4770","1880A0030",96.38,955,9.90869474994812
"4771","1880A0040",71.78,1702,23.7113402061856
"4772","1880A0050",85.87,1137,13.2409456154652
"4773","1880A0060",104.81,2391,22.8127087110009
"4774","1880A0070",127.73,1147,8.97987943317936
"4775","1880A0080",38.75,728,18.7870967741935
"4776","1880A0090",27.57,888,32.208922742111
"4777","1880A0100",57.7,950,16.4644714038128
"4778","1880A0110",101.61,2108,20.7459895679559
"4779","1880A0120",92.13,1770,19.2119830674048
"4780","1880A0130",144.5,1294,8.95501730103806
"4781","1880A0140",72.57,1157,15.9432272288825
"4782","1880B2010",13.46,2336,173.551263001486
"4783","1880B3010",6.24,2270,363.782051282051
"4784","1880B4010",8.16,1661,203.553921568627
"4785","1880B5010",7.39,1345,182.002706359946
"4786","1880C1010",10.23,1839,179.765395894428
"4787","1880C1020",6.76,1157,171.153846153846
"4788","1880C1030",4.82,1773,367.842323651452
"4789","1880C1040",2.37,2056,867.510548523207
"4790","1880C1050",0.93,1858,1997.84946236559
"4791","1880C1060",7.2,1536,213.333333333333
"4792","1880C1070",1.55,2799,1805.8064516129
"4793","1880C1080",0.34,1596,4694.11764705882
"4794","1880C1090",3.17,1600,504.731861198738
"4795","1880C1100",4.3,2302,535.348837209302
"4796","1880C1110",7.06,2507,355.099150141643
"4797","1880C1120",0.36,921,2558.33333333333
"4798","1880C1130",0.32,3126,9768.75
"4799","1880C1140",1.95,6060,3107.69230769231
"4800","1880C1150",0.41,2392,5834.14634146342
"4801","1880C1160",1.36,2247,1652.20588235294
"4802","1880C1170",0.56,2019,3605.35714285714
"4803","1880C1180",0.59,2220,3762.71186440678
"4804","1880C1190",0.89,1706,1916.85393258427
"4805","1880C1200",0.38,2177,5728.94736842105
"4806","1880C1210",0.74,1567,2117.56756756757
"4807","1880C1220",0.19,2027,10668.4210526316
"4808","1880C1230",0.31,1760,5677.41935483871
"4809","1880C1240",0.17,1723,10135.2941176471
"4810","1880C1250",0.21,2191,10433.3333333333
"4811","1880C1260",1.33,1135,853.383458646617
"4812","1880C1270",3.42,3681,1076.31578947368
"4813","1880C1280",0.43,1713,3983.72093023256
"4814","1880C1290",0.3,2106,7020
"4815","1880C1300",0.54,1797,3327.77777777778
"4816","1880C1310",0.82,1527,1862.19512195122
"4817","1880C1320",0.49,2497,5095.91836734694
"4818","1880C1330",0.2,1801,9005
"4819","1880C1340",2.89,1569,542.906574394464
"4820","1880C1350",0.35,1695,4842.85714285714
"4821","1880C1360",0.24,2004,8350
"4822","1880C1370",0.11,1521,13827.2727272727
"4823","1880C1380",0.53,1663,3137.7358490566
"4824","1880C1390",0.38,2074,5457.8947368421
"4825","1880C1400",0.16,1485,9281.25
"4826","1880C1410",1.62,2793,1724.07407407407
"4827","1880C1420",0.12,1646,13716.6666666667
"4828","1880C1430",0.93,2724,2929.03225806452
"4829","1880C1440",0.29,1567,5403.44827586207
"4830","1880C1450",0.2,1189,5945
"4831","1880C1460",0.14,1384,9885.71428571428
"4832","1880C1470",0.15,1440,9600
"4833","1880C1480",0.46,1427,3102.17391304348
"4834","1880C1490",0.22,1765,8022.72727272727
"4835","1880C1500",0.48,1460,3041.66666666667
"4836","1880C1510",0.23,1448,6295.65217391304
"4837","1880C1520",0.83,1750,2108.43373493976
"4838","1880C1530",0.64,1915,2992.1875
"4839","1880C1540",0.86,2146,2495.3488372093
"4840","1880C1550",0.56,1109,1980.35714285714
"4841","1880C1560",1.11,1911,1721.62162162162
"4842","1880C1570",0.22,1466,6663.63636363636
"4843","1880C1580",3.16,2718,860.126582278481
"4844","1880C1590",0.3,2211,7370
"4845","1880C1600",0.17,1052,6188.23529411765
"4846","1880C1610",2.6,2951,1135
"4847","1880C1620",7.65,2555,333.986928104575
"4848","1880C1630",0.34,2065,6073.52941176471
"4849","1880C1640",0.81,1359,1677.77777777778
"4850","1880C1650",4.22,1498,354.976303317536
"4851","1880C1660",3.11,1830,588.424437299035
"4852","1880C1670",4.63,2040,440.60475161987
"4853","1880C1680",3.26,1531,469.631901840491
"4854","1880C1690",2.01,1253,623.383084577114
"4855","1881A0010",85.06,2155,25.3350576063955
"4856","1881A0020",80.51,1629,20.2335113650478
"4857","1881C1010",8.14,2436,299.262899262899
"4858","1881C1020",10.95,1791,163.561643835616
"4859","1881C1030",4.69,2462,524.946695095949
"4860","1881C1040",1.29,2283,1769.76744186047
"4861","1881C1050",0.31,1847,5958.06451612903
"4862","1881C1060",1.38,2050,1485.50724637681
"4863","1881C1070",3.85,2083,541.038961038961
"4864","1881C1080",0.6,1234,2056.66666666667
"4865","1881C1090",6.9,2546,368.985507246377
"4866","1882A0010",136.66,1449,10.6029562417679
"4867","1882A0020",217.87,1569,7.20154220406665
"4868","1882A0030",315.39,1465,4.64504264561337
"4869","1882A0040",126.73,1227,9.6820011047108
"4870","1882B2010",9.15,1455,159.016393442623
"4871","1882C1010",0.48,1616,3366.66666666667
"4872","1882C1020",3.97,1289,324.685138539043
"4873","1882C1030",6.41,1408,219.656786271451
"4874","1883A0030",419.64,2155,5.13535411304928
"4875","1883C1010",6.52,1372,210.429447852761
"4876","1883C1020",1.19,1741,1463.02521008403
"4877","1883C1030",1.45,1999,1378.62068965517
"4878","1883C1040",3.19,1921,602.194357366771
"4879","1883C1050",0.7,2158,3082.85714285714
"4880","1883C1060",1.07,1849,1728.03738317757
"4881","1883C1070",8.84,1068,120.814479638009
"4882","1883C1080",1.11,2155,1941.44144144144
"4883","1883C1090",0.38,2062,5426.31578947368
"4884","1883C1100",1.22,2360,1934.4262295082
"4885","1883C1110",3.59,2212,616.155988857939
"4886","1883C1120",0.77,1467,1905.19480519481
"4887","1883C1130",5,1740,348
"4888","1883C1140",3.43,1369,399.125364431487
"4889","1883C1150",10.13,2633,259.921026653504
"4890","1884A0010",329.84,1072,3.25006063545962
"4891","1884A0020",262.43,1668,6.35598064245704
"4892","1884C1010",8.93,1430,160.13437849944
"4893","1884C1020",10.71,1231,114.939309056956
"4894","1884C1030",2.23,2036,913.004484304933
"4895","1884C1040",1.79,1772,989.944134078212
"4896","1884C1050",2.65,1418,535.094339622642
"4897","1885A0010",179.62,1012,5.63411646809932
"4898","1885A0020",78.52,1350,17.1930718288334
"4899","1885A0030",205.41,1259,6.1292050046249
"4900","1885A0040",167.06,1091,6.53058781276188
"4901","1885A0050",240.81,1406,5.83862796395498
"4902","1885A0060",446.94,1344,3.00711504899987
"4903","1885B2010",3.77,1118,296.551724137931
"4904","1885B2020",3.94,1554,394.416243654822
"4905","1885B3010",9.41,1018,108.182784272051
"4906","1885B3020",8.06,976,121.091811414392
"4907","1885B4010",9.45,1417,149.94708994709
"4908","1885C1010",5.25,2293,436.761904761905
"4909","1885C1020",4.39,1480,337.129840546697
"4910","1885C1030",8.48,2240,264.150943396226
"4911","1885C1040",2.64,1793,679.166666666667
"4912","1885C1050",4.26,1941,455.633802816901
"4913","1904A0010",651.63,2095,3.21501465555607
"4914","1904C1010",7.5,2253,300.4
"4915","1907A0010",319.81,989,3.0924611488071
"4916","1907B2010",7.55,1306,172.980132450331
"4917","1907B3010",4.63,1265,273.218142548596
"4918","1907C1010",4.19,1676,400
"4919","1907C1020",3.73,1087,291.42091152815
"4920","1907C1030",1.13,1585,1402.65486725664
"4921","1907C1040",2.87,2026,705.923344947735
"4922","1960A0010",117.63,981,8.33970925784239
"4923","1960A0020",70.6,1380,19.5467422096317
"4924","1960C1010",7.82,2540,324.808184143222
"4925","1960C1020",0.7,2034,2905.71428571429
"4926","1960C1030",5.86,1708,291.467576791809
"4927","1961A0010",32.73,1367,41.7659639474488
"4928","1961A0020",106.21,1087,10.2344412013935
"4929","1961C1010",1.45,1275,879.310344827586
"4930","1961C1020",9.4,1196,127.234042553191
"4931","1961C1030",1.52,2550,1677.63157894737
"4932","1961C1040",8.75,1664,190.171428571429
"4933","1961C1050",5.74,2999,522.473867595819
"4934","1961C1060",1.02,2084,2043.13725490196
"4935","1961C1070",2.71,2432,897.416974169742
"4936","1962A0010",395.44,998,2.52377098927777
"4937","1962C1010",5.79,2007,346.632124352332
"4938","1962C1020",6.21,1660,267.310789049919
"4939","1962C1030",10.19,852,83.6113837095191
"4940","1980A0010",35.81,1796,50.1535883831332
"4941","1980A0020",77.53,2837,36.5922868567006
"4942","1980A0030",180.34,2658,14.7388266607519
"4943","1980A0040",118.89,1579,13.2811842879973
"4944","1980A0050",142.28,2201,15.4694967669384
"4945","1980A0060",273.84,2726,9.95471808355244
"4946","1980B2010",6.56,1323,201.676829268293
"4947","1980B2020",1.01,1941,1921.78217821782
"4948","1980B3010",4.23,1361,321.749408983452
"4949","1980B3020",3.93,1684,428.498727735369
"4950","1980B4010",6.66,1244,186.786786786787
"4951","1980B5010",6.74,1164,172.700296735905
"4952","1980C1010",7.92,2123,268.055555555556
"4953","1980C1020",1.97,1071,543.654822335025
"4954","1980C1030",7.11,1617,227.426160337553
"4955","1980C1040",1.86,2014,1082.79569892473
"4956","1980C1050",0.9,2710,3011.11111111111
"4957","1980C1060",5.29,2046,386.767485822306
"4958","1980C1070",0.41,1548,3775.60975609756
"4959","1980C1080",0.74,1745,2358.10810810811
"4960","1980C1090",0.29,829,2858.62068965517
"4961","1980C1100",0.96,2236,2329.16666666667
"4962","1980C1110",1,2245,2245
"4963","1980C1120",0.53,2126,4011.32075471698
"4964","1980C1130",0.85,1722,2025.88235294118
"4965","1980C1140",0.86,2407,2798.83720930233
"4966","1980C1150",0.65,5440,8369.23076923077
"4967","1980C1160",0.25,1661,6644
"4968","1980C1170",0.33,1854,5618.18181818182
"4969","1980C1180",0.44,2261,5138.63636363636
"4970","1980C1190",0.59,2206,3738.98305084746
"4971","1980C1200",0.63,2048,3250.79365079365
"4972","1980C1210",0.59,1943,3293.22033898305
"4973","1980C1220",0.76,1652,2173.68421052632
"4974","1980C1230",0.3,1641,5470
"4975","1980C1240",0.21,1746,8314.28571428571
"4976","1980C1250",0.51,1806,3541.17647058824
"4977","1980C1260",0.26,1553,5973.07692307692
"4978","1980C1270",0.47,2018,4293.6170212766
"4979","1980C1280",0.66,2129,3225.75757575758
"4980","1980C1290",0.53,1862,3513.20754716981
"4981","1980C1300",5.08,2027,399.015748031496
"4982","1980C1310",5.25,2160,411.428571428571
"4983","1980C1320",0.09,1560,17333.3333333333
"4984","1980C1330",0.33,1780,5393.93939393939
"4985","1980C1340",0.32,1939,6059.375
"4986","1980C1350",0.24,1448,6033.33333333333
"4987","1980C1360",0.11,1624,14763.6363636364
"4988","1980C1370",0.51,1726,3384.3137254902
"4989","1980C1380",0.5,2054,4108
"4990","1980C1390",0.35,1497,4277.14285714286
"4991","1980C1400",0.77,2444,3174.02597402597
"4992","1980C1410",0.85,1818,2138.82352941176
"4993","1980C1420",0.33,1690,5121.21212121212
"4994","1980C1430",0.28,1795,6410.71428571429
"4995","1980C1440",0.59,1668,2827.1186440678
"4996","1980C1450",0.36,1564,4344.44444444444
"4997","1980C1460",0.52,2499,4805.76923076923
"4998","1980C1470",0.73,1650,2260.27397260274
"4999","1980C1480",1.66,2093,1260.84337349398
"5000","1980C1490",0.22,1461,6640.90909090909
"5001","1980C1500",0.35,1889,5397.14285714286
"5002","1980C1510",0.28,1775,6339.28571428571
"5003","1980C1520",0.32,2234,6981.25
"5004","1980C1530",0.37,1960,5297.2972972973
"5005","1980C1540",0.48,1699,3539.58333333333
"5006","1980C1550",0.37,1610,4351.35135135135
"5007","1980C1560",0.24,1639,6829.16666666667
"5008","1980C1570",0.2,1589,7945
"5009","1980C1580",2.87,1912,666.202090592334
"5010","1980C1590",5.28,1269,240.340909090909
"5011","1980C1600",4.01,2327,580.299251870324
"5012","1980C1610",0.4,1633,4082.5
"5013","1980C1620",0.61,2340,3836.06557377049
"5014","1980C1630",0.81,1954,2412.34567901235
"5015","1980C1640",0.69,2062,2988.40579710145
"5016","1980C1650",3.82,1933,506.020942408377
"5017","1980C1660",5.52,1902,344.565217391304
"5018","1980C1670",0.57,1721,3019.29824561404
"5019","1980C1680",0.72,1730,2402.77777777778
"5020","1980C1690",0.7,1870,2671.42857142857
"5021","1980C1700",0.9,1843,2047.77777777778
"5022","1980C1710",6.49,1274,196.302003081664
"5023","1980C1720",7.61,2227,292.641261498029
"5024","1981A0010",129.89,2141,16.4831780737547
"5025","1981A0020",238.96,1707,7.14345497154335
"5026","1981A0030",213.94,1737,8.11909881275124
"5027","1981A0040",268.65,2085,7.76102735901731
"5028","1981A0050",287.25,1215,4.22976501305483
"5029","1981C1010",3.41,1673,490.615835777126
"5030","1981C1020",9.57,2610,272.727272727273
"5031","1981C1030",0.54,1657,3068.51851851852
"5032","1981C1040",0.69,1672,2423.1884057971
"5033","1981C1050",0.53,2102,3966.03773584906
"5034","1981C1060",0.54,2449,4535.18518518519
"5035","1981C1070",13.06,1805,138.208269525268
"5036","1982A0010",243.93,1199,4.91534456606403
"5037","1982C1010",11.36,1553,136.707746478873
"5038","1982C1020",1.56,2101,1346.79487179487
"5039","1982C1030",6.35,1760,277.165354330709
"5040","1982C1040",0.93,2226,2393.54838709677
"5041","1982C1050",3.15,2297,729.206349206349
"5042","1982C1060",1.74,2086,1198.85057471264
"5043","1983A0010",119.94,1869,15.5827913956978
"5044","1983A0020",295.81,1744,5.8956762786924
"5045","1983A0030",154.5,1154,7.46925566343042
"5046","1983B2010",3.6,1284,356.666666666667
"5047","1983B2020",7.11,1216,171.026722925457
"5048","1983C1010",7.82,1569,200.639386189258
"5049","1983C1020",3.1,1565,504.838709677419
"5050","1983C1030",2.76,1143,414.130434782609
"5051","1983C1040",0.68,1785,2625
"5052","1983C1050",0.29,1946,6710.34482758621
"5053","1983C1060",0.59,1873,3174.57627118644
"5054","1983C1070",0.24,1808,7533.33333333333
"5055","1983C1080",2.75,2147,780.727272727273
"5056","1983C1090",0.91,1881,2067.03296703297
"5057","1983C1100",2.1,1397,665.238095238095
"5058","1983C1110",2.13,1597,749.765258215962
"5059","1984A0010",164.53,1309,7.95599586701513
"5060","1984A0020",139.17,1529,10.9865631960911
"5061","1984C1010",6.35,2064,325.03937007874
"5062","1984C1020",0.5,1978,3956
"5063","1984C1030",1.4,1121,800.714285714286
"5064","1984C1040",0.87,1953,2244.8275862069
"5065","1984C1050",0.94,1408,1497.87234042553
"5066","1984C1060",5.72,1727,301.923076923077
"5067","1984C1070",5.98,913,152.675585284281
"5068","2021A0010",789.95,1401,1.77352997025128
"5069","2021A0020",702.68,981,1.39608356577674
"5070","2021B2010",35.3,2122,60.1133144475921
"5071","2021C1010",11.87,2224,187.363100252738
"5072","2023A0010",1680.55,1581,0.940763440540299
"5073","2023A0020",1353.97,1551,1.14552021093525
"5074","2023A0030",1022.93,2165,2.11646935762955
"5075","2023C1010",8.57,1620,189.031505250875
"5076","2023C1020",11.36,1338,117.781690140845
"5077","2023C1030",7.64,2005,262.434554973822
"5078","2026A0010",369.72,1737,4.69814995131451
"5079","2026A0020",345.26,1777,5.14684585529746
"5080","2026B2010",12.99,2020,155.504234026174
"5081","2026B3010",14.97,1493,99.7327989311957
"5082","2026C1010",15.04,1870,124.335106382979
"5083","2026C1020",7.87,1533,194.790343074968
"5084","2029A0010",705.25,1499,2.12548741581
"5085","2029A0020",445.62,1619,3.63314034379067
"5086","2029B2010",20.55,1642,79.9026763990268
"5087","2029C1010",2.54,1045,411.417322834646
"5088","2029C1020",5.74,1141,198.780487804878
"5089","2029C1030",11.15,941,84.3946188340807
"5090","2029C1040",10.87,2613,240.386384544618
"5091","2029C1050",14.97,2495,166.666666666667
"5092","2029C1060",2.85,1718,602.80701754386
"5093","2029C1070",21.46,1330,61.9757688723206
"5094","2031A0010",1002.84,2654,2.64648398548123
"5095","2031A0020",875.92,1077,1.22956434377569
"5096","2031C1010",19.9,2213,111.206030150754
"5097","2031C1020",3.98,1909,479.64824120603
"5098","2031C1030",15.04,1815,120.678191489362
"5099","2031C1040",12.87,1374,106.759906759907
"5100","2034A0010",1692.26,1281,0.756975878411119
"5101","2034C1010",20.01,1307,65.3173413293353
"5102","2034C1020",4.41,1704,386.394557823129
"5103","2034C1030",4.6,1803,391.95652173913
"5104","2034C1040",9.46,813,85.9408033826638
"5105","2039A0010",2403.79,1895,0.788338415585388
"5106","2039A0020",2121.8,914,0.430766330474126
"5107","2039A0030",2322.48,1165,0.501618959043781
"5108","2039C1010",14.53,2256,155.264969029594
"5109","2039C1020",8.96,699,78.0133928571428
"5110","2061A0010",489.58,1604,3.27627762572001
"5111","2061A0020",211.64,1615,7.63088263088263
"5112","2061A0030",211.14,951,4.50412048877522
"5113","2061B2010",10.88,1095,100.643382352941
"5114","2061C1010",6.35,1499,236.062992125984
"5115","2061C1020",1.13,1372,1214.1592920354
"5116","2061C1030",2.56,1093,426.953125
"5117","2061C1040",14.68,1684,114.713896457766
"5118","2062A0010",410.4,1692,4.12280701754386
"5119","2062A0020",222.03,964,4.3417556186101
"5120","2062A0030",2105.1,1991,0.945798299368201
"5121","2062B2010",14.44,1311,90.7894736842105
"5122","2062C1010",14.84,1775,119.609164420485
"5123","2062C1020",11,2212,201.090909090909
"5124","2062C1030",3.22,1558,483.850931677019
"5125","2062C1040",2.48,1252,504.838709677419
"5126","2062C1050",2.09,2201,1053.11004784689
"5127","2062C1060",8.13,1562,192.127921279213
"5128","2062C1070",4.29,1685,392.773892773893
"5129","2062C1080",14.25,2333,163.719298245614
"5130","2080A0010",106.21,1835,17.2770925524904
"5131","2080A0020",190.52,2131,11.1851774091959
"5132","2080A0030",102.89,1751,17.0181747497327
"5133","2080A0040",361.17,1350,3.73785198106155
"5134","2080A0050",126.64,1570,12.3973468098547
"5135","2080A0060",977.82,1108,1.1331328874435
"5136","2080B2010",7.7,1119,145.324675324675
"5137","2080B2020",8.11,957,118.002466091245
"5138","2080B3010",17.07,1999,117.106033977739
"5139","2080B4010",31.57,1910,60.5004751346215
"5140","2080B5010",12.31,1898,154.183590576767
"5141","2080C1010",3.39,1395,411.504424778761
"5142","2080C1020",3.38,1477,436.98224852071
"5143","2080C1030",2.01,2889,1437.31343283582
"5144","2080C1040",1.66,2499,1505.42168674699
"5145","2080C1050",5.54,1257,226.895306859206
"5146","2080C1060",0.93,2082,2238.70967741935
"5147","2080C1070",3.86,1819,471.243523316062
"5148","2080C1080",1.12,1762,1573.21428571429
"5149","2080C1090",0.83,1616,1946.98795180723
"5150","2080C1100",3.64,1684,462.637362637363
"5151","2080C1110",0.63,1634,2593.65079365079
"5152","2080C1120",6.22,1632,262.379421221865
"5153","2080C1130",0.47,1652,3514.89361702128
"5154","2080C1140",1.15,1386,1205.21739130435
"5155","2080C1150",0.3,1066,3553.33333333333
"5156","2080C1160",0.22,1175,5340.90909090909
"5157","2080C1170",0.22,1164,5290.90909090909
"5158","2080C1180",0.37,1465,3959.45945945946
"5159","2080C1190",0.53,1640,3094.33962264151
"5160","2080C1200",3.42,1479,432.456140350877
"5161","2080C1210",0.43,1715,3988.37209302326
"5162","2080C1220",6.27,1407,224.401913875598
"5163","2080C1230",0.4,1178,2945
"5164","2080C1240",0.4,1892,4730
"5165","2080C1250",12.93,1008,77.9582366589327
"5166","2080C1260",9.36,2385,254.807692307692
"5167","2081A0010",33.17,771,23.243895085921
"5168","2081A0020",394.76,2467,6.24936670382004
"5169","2081A0030",57.88,2127,36.7484450587422
"5170","2081B2010",6.21,1095,176.328502415459
"5171","2081C1010",15.77,1780,112.87254280279
"5172","2081C1020",3.41,1556,456.304985337243
"5173","2081C1030",4.44,2118,477.027027027027
"5174","2081C1040",2.89,1830,633.217993079585
"5175","2081C1050",2.77,1828,659.927797833935
"5176","2081C1060",10.38,2200,211.946050096339
"5177","2081C1070",0.83,2105,2536.14457831325
"5178","2081C1080",1.57,2395,1525.47770700637
"5179","2081C1090",1.22,1872,1534.4262295082
"5180","2081C1100",0.95,2064,2172.63157894737
"5181","2081C1110",9.88,1857,187.955465587045
"5182","2081C1120",0.93,1834,1972.04301075269
"5183","2081C1130",0.5,1601,3202
"5184","2081C1140",0.34,2489,7320.58823529412
"5185","2081C1150",0.7,1953,2790
"5186","2081C1160",1.85,1680,908.108108108108
"5187","2081C1170",2.62,2374,906.106870229008
"5188","2081C1180",0.6,2341,3901.66666666667
"5189","2081C1190",1.07,1751,1636.44859813084
"5190","2081C1200",1.29,1863,1444.18604651163
"5191","2081C1210",4.1,2404,586.341463414634
"5192","2081C1220",14.65,1743,118.976109215017
"5193","2081C1230",2.9,1637,564.48275862069
"5194","2082A0010",313.93,1286,4.09645462364221
"5195","2082A0020",38.19,914,23.9329667452213
"5196","2082A0030",201.48,2252,11.1772880682946
"5197","2082B2010",4.83,891,184.472049689441
"5198","2082B2020",6.94,1092,157.348703170029
"5199","2082C1010",0.73,1829,2505.47945205479
"5200","2082C1020",6.26,1321,211.022364217252
"5201","2082C1030",4.28,1658,387.383177570093
"5202","2083A0010",146.8,1074,7.31607629427793
"5203","2083A0020",76.99,1096,14.235615014937
"5204","2083A0030",132.04,944,7.14934868221751
"5205","2083A0040",93.53,1375,14.7011654014755
"5206","2083A0050",361.8,1612,4.4555002763958
"5207","2083B2010",8.09,1523,188.257107540173
"5208","2083C1010",4.25,2040,480
"5209","2083C1020",4.09,2043,499.511002444988
"5210","2083C1030",3.66,1866,509.83606557377
"5211","2083C1040",4.25,1772,416.941176470588
"5212","2084A0010",106.31,1446,13.6017307873201
"5213","2084A0020",152.21,1974,12.9689245121871
"5214","2084A0030",297.94,1253,4.20554474055179
"5215","2084B2010",9.89,1087,109.908998988878
"5216","2084C1010",5.2,1183,227.5
"5217","2084C1020",2.01,1278,635.820895522388
"5218","2084C1030",12.64,2070,163.76582278481
"5219","2084C1040",4.28,2028,473.831775700935
"5220","2084C1050",0.59,2326,3942.37288135593
"5221","2084C1060",3.16,2246,710.759493670886
"5222","2084C1070",4.4,1956,444.545454545455
"5223","2084C1080",4.11,1415,344.282238442822
"5224","2084C1090",10.4,2491,239.519230769231
"5225","2085A0010",93.24,1225,13.1381381381381
"5226","2085A0020",550.92,701,1.27241704784724
"5227","2085A0030",511.86,1131,2.2095885593717
"5228","2085A0040",266.45,2301,8.63576656033027
"5229","2085B2010",6.18,1525,246.763754045307
"5230","2085B2020",6.55,1030,157.251908396947
"5231","2085B2030",4.51,810,179.60088691796
"5232","2085B3010",10.73,792,73.81174277726
"5233","2085B3020",12.92,1171,90.6346749226006
"5234","2085C1010",8.55,1721,201.286549707602
"5235","2085C1020",6.23,1861,298.715890850722
"5236","2085C1030",1.72,2043,1187.79069767442
"5237","2085C1040",0.78,1614,2069.23076923077
"5238","2085C1050",1.04,1361,1308.65384615385
"5239","2085C1060",0.51,1795,3519.60784313725
"5240","2085C1070",0.54,1125,2083.33333333333
"5241","2085C1080",2.91,1906,654.982817869416
"5242","2085C1090",5.27,2290,434.535104364326
"5243","2101A0010",443.36,775,1.74801515698304
"5244","2101A0020",603.73,1875,3.10569294220927
"5245","2101C1010",6.63,1658,250.075414781297
"5246","2101C1020",10.9,1450,133.02752293578
"5247","2104A0010",173.99,1903,10.9374101959883
"5248","2104A0020",217.17,1033,4.75664226182254
"5249","2104C1010",8.12,1863,229.433497536946
"5250","2104C1020",1.86,2112,1135.48387096774
"5251","2104C1030",8.77,2463,280.843785632839
"5252","2121A0010",852.73,1623,1.90329881674152
"5253","2121A0020",980.14,2138,2.1813210357704
"5254","2121B2010",13.32,1421,106.681681681682
"5255","2121B2020",5.15,1456,282.718446601942
"5256","2121C1010",7.26,2424,333.884297520661
"5257","2121C1020",9.33,794,85.101822079314
"5258","2121C1030",5.37,1669,310.800744878957
"5259","2132A0010",143.3,1917,13.37752965806
"5260","2132A0020",124.23,1705,13.7245431860259
"5261","2132A0030",206.95,905,4.37303696545059
"5262","2132A0040",304.35,931,3.05897815015607
"5263","2132A0050",568.87,1224,2.1516339409707
"5264","2132B2010",15.82,1272,80.4045512010114
"5265","2132C1010",6.43,1416,220.217729393468
"5266","2161A0010",488.78,1611,3.29596137321494
"5267","2161A0020",210.76,1040,4.93452267982539
"5268","2161A0030",2557.26,1743,0.681588888106802
"5269","2161A0040",247.5,963,3.89090909090909
"5270","2161A0050",1695.15,1674,0.987523228032917
"5271","2161B2010",13.27,1571,118.387339864356
"5272","2161B3010",14.03,1540,109.764789736279
"5273","2161C1010",4.52,1058,234.070796460177
"5274","2161C1020",6.81,1671,245.374449339207
"5275","2161C1030",1.03,1782,1730.09708737864
"5276","2161C1040",0.7,1409,2012.85714285714
"5277","2161C1050",6.53,1544,236.447166921899
"5278","2161C1060",13.27,932,70.2336096458176
"5279","2180A0010",416.57,1183,2.83985884725256
"5280","2180A0020",335.26,1864,5.55986398616
"5281","2180A0030",327.45,2289,6.99038021071919
"5282","2180A0040",348.28,836,2.4003675203859
"5283","2180B2010",20.32,1727,84.990157480315
"5284","2180B3010",15.45,1488,96.3106796116505
"5285","2180B4010",6,1146,191
"5286","2180B5010",7.43,935,125.841184387618
"5287","2180C1010",6.73,1721,255.720653789004
"5288","2180C1020",14.48,1884,130.110497237569
"5289","2180C1030",1.08,1512,1400
"5290","2180C1040",1.67,1275,763.473053892216
"5291","2180C1050",5.36,1866,348.134328358209
"5292","2180C1060",2.58,2053,795.736434108527
"5293","2180C1070",8.56,2370,276.869158878505
"5294","2180C1080",0.29,2567,8851.72413793103
"5295","2180C1090",0.65,1747,2687.69230769231
"5296","2180C1100",1.15,1690,1469.5652173913
"5297","2180C1110",0.73,2376,3254.79452054795
"5298","2180C1120",3.11,948,304.823151125402
"5299","2180C1130",0.77,1569,2037.66233766234
"5300","2180C1140",0.74,1703,2301.35135135135
"5301","2180C1150",2.14,1865,871.495327102804
"5302","2180C1160",0.55,1912,3476.36363636364
"5303","2180C1170",0.64,1943,3035.9375
"5304","2180C1180",1.37,2052,1497.8102189781
"5305","2180C1190",0.29,2018,6958.62068965517
"5306","2180C1200",2.15,2345,1090.6976744186
"5307","2180C1210",3.03,2016,665.346534653465
"5308","2180C1220",0.18,1949,10827.7777777778
"5309","2180C1230",0.31,2384,7690.32258064516
"5310","2180C1240",2.8,2104,751.428571428571
"5311","2180C1250",0.28,1966,7021.42857142857
"5312","2180C1260",0.63,1635,2595.2380952381
"5313","2180C1270",0.26,1481,5696.15384615385
"5314","2180C1280",0.51,2021,3962.74509803922
"5315","2180C1290",0.2,1329,6645
"5316","2180C1300",0.11,1855,16863.6363636364
"5317","2180C1310",1.26,2290,1817.46031746032
"5318","2180C1320",10.19,2391,234.641805691855
"5319","2180C1330",1.82,1611,885.164835164835
"5320","2180C1340",0.19,2092,11010.5263157895
"5321","2180C1350",7.24,1862,257.182320441989
"5322","2180C1360",2.34,2774,1185.47008547009
"5323","2180C1370",0.82,1811,2208.53658536585
"5324","2180C1380",0.81,1966,2427.16049382716
"5325","2180C1390",1.53,3048,1992.1568627451
"5326","2180C1400",3.73,2076,556.56836461126
"5327","2180C1410",0.8,2441,3051.25
"5328","2180C1420",2.64,2400,909.090909090909
"5329","2180C1430",6.97,3197,458.680057388809
"5330","2180C1440",3.04,2178,716.447368421053
"5331","2180C1450",16.09,2047,127.2218769422
"5332","2180C1460",13.32,1724,129.429429429429
"5333","2181A0010",310.86,1208,3.88599369491089
"5334","2181A0020",190.33,1133,5.95281878842011
"5335","2181A0030",46.7,930,19.9143468950749
"5336","2181A0040",257.99,1936,7.50416682817163
"5337","2181A0050",285.31,1631,5.71658897339736
"5338","2181B2010",5.28,1102,208.712121212121
"5339","2181B2020",7.6,1469,193.289473684211
"5340","2181B2030",11.44,1100,96.1538461538462
"5341","2181B3010",10.98,1856,169.034608378871
"5342","2181B4010",6.98,1047,150
"5343","2181C1010",6.63,2328,351.131221719457
"5344","2181C1020",1.79,1738,970.949720670391
"5345","2181C1030",0.86,1823,2119.76744186047
"5346","2181C1040",1.31,1922,1467.17557251908
"5347","2181C1050",0.69,1270,1840.57971014493
"5348","2181C1060",1.73,1311,757.803468208092
"5349","2181C1070",0.36,1850,5138.88888888889
"5350","2181C1080",0.74,1123,1517.56756756757
"5351","2181C1090",6.86,2098,305.830903790087
"5352","2181C1100",0.74,1817,2455.40540540541
"5353","2181C1110",0.16,1067,6668.75
"5354","2181C1120",0.27,1028,3807.40740740741
"5355","2181C1130",0.36,2393,6647.22222222222
"5356","2181C1140",2.89,1321,457.093425605536
"5357","2181C1150",6.95,2127,306.043165467626
"5358","2182A0010",436.53,1415,3.24147252193435
"5359","2182A0020",199.63,1516,7.59404899063267
"5360","2182A0030",335.99,2657,7.90797345159082
"5361","2182B2010",9.78,1050,107.361963190184
"5362","2182B2020",18.29,1269,69.3821760524877
"5363","2182B3010",10.03,1712,170.687936191426
"5364","2182B4010",11.39,1102,96.7515364354697
"5365","2182C1010",11.64,1886,162.027491408935
"5366","2182C1020",4.23,1483,350.591016548463
"5367","2182C1030",2.76,1393,504.710144927536
"5368","2182C1040",1.78,2046,1149.43820224719
"5369","2182C1050",1.84,1540,836.95652173913
"5370","2182C1060",2.18,1282,588.073394495413
"5371","2182C1070",0.8,2186,2732.5
"5372","2182C1080",7.05,887,125.815602836879
"5373","2182C1090",1.44,1434,995.833333333333
"5374","2183A0010",538.29,856,1.59022088465325
"5375","2183A0020",363.67,1761,4.84230208705695
"5376","2183A0030",69.77,961,13.7738282929626
"5377","2183A0040",178.33,1800,10.093646610217
"5378","2183A0050",130.85,1266,9.67520061138709
"5379","2183A0060",471.95,1908,4.042801144189
"5380","2183B2010",6.01,901,149.916805324459
"5381","2183B2020",5.3,1261,237.924528301887
"5382","2183B3010",14.36,1522,105.988857938719
"5383","2183C1010",11.4,1836,161.052631578947
"5384","2183C1020",7.19,1480,205.841446453407
"5385","2183C1030",1.03,1879,1824.27184466019
"5386","2183C1040",3.28,1309,399.085365853659
"5387","2183C1050",0.78,2378,3048.71794871795
"5388","2183C1060",2.96,1836,620.27027027027
"5389","2183C1070",5.1,1621,317.843137254902
"5390","2183C1080",3.2,1839,574.6875
"5391","2184A0010",476.12,1809,3.79946232042342
"5392","2184A0020",288.27,871,3.02147292468866
"5393","2184A0030",214.9,1186,5.51884597487203
"5394","2184A0040",255.71,1900,7.43029212780102
"5395","2184A0050",204.86,1833,8.94757395294347
"5396","2184A0060",112.67,1062,9.4257566344191
"5397","2184A0070",849.75,2432,2.86201824065902
"5398","2184B2010",8.03,840,104.607721046077
"5399","2184B2020",4.77,1395,292.452830188679
"5400","2184B2030",5.42,1975,364.391143911439
"5401","2184B3010",11.42,1042,91.2434325744308
"5402","2184B3020",3.57,1514,424.089635854342
"5403","2184B4010",10.36,1694,163.513513513514
"5404","2184B5010",7.92,1103,139.267676767677
"5405","2184C1010",4.22,928,219.905213270142
"5406","2184C1020",3.96,2412,609.090909090909
"5407","2184C1030",0.91,1603,1761.53846153846
"5408","2184C1040",0.52,1472,2830.76923076923
"5409","2184C1050",2,2283,1141.5
"5410","2184C1060",0.5,1707,3414
"5411","2184C1070",7.45,1815,243.624161073825
"5412","2184C1080",1.44,1767,1227.08333333333
"5413","2184C1090",1.4,1311,936.428571428571
"5414","2184C1100",11.15,1691,151.659192825112
"5415","2260A0010",1438.32,1652,1.14856221146894
"5416","2260A0020",590.04,1253,2.12358484170565
"5417","2260A0030",983.8,1252,1.2726163854442
"5418","2260B2010",10.43,767,73.5378715244487
"5419","2260B2020",13.97,1418,101.503221188261
"5420","2260C1010",10.76,1179,109.57249070632
"5421","2260C1020",2.82,1588,563.120567375887
"5422","2262A0010",254.1,1867,7.34750098386462
"5423","2262A0020",474.54,936,1.97243646478695
"5424","2262B2010",17.19,2519,146.538685282141
"5425","2262C1010",4.79,1727,360.542797494781
"5426","2262C1020",4.53,2280,503.311258278146
"5427","2262C1030",2.76,1525,552.536231884058
"5428","2262C1040",4.35,2359,542.298850574713
"5429","2262C1050",9.45,2388,252.698412698413
"5430","2262C1060",11.46,1939,169.197207678883
"5431","2280A0010",194.09,1581,8.14570560049462
"5432","2280A0020",193.02,1118,5.79214589161745
"5433","2280A0030",422.83,1302,3.07925170872455
"5434","2280A0040",214.24,1389,6.48338312173264
"5435","2280B2010",9.57,1011,105.64263322884
"5436","2280C1010",2.27,1168,514.537444933921
"5437","2280C1020",7.03,1882,267.709815078236
"5438","2280C1030",0.79,1233,1560.75949367089
"5439","2280C1040",1.23,1539,1251.21951219512
"5440","2280C1050",0.62,1635,2637.09677419355
"5441","2280C1060",0.42,1120,2666.66666666667
"5442","2280C1070",0.5,1193,2386
"5443","2280C1080",1.75,1724,985.142857142857
"5444","2280C1090",0.2,1602,8010
"5445","2280C1100",1.89,1799,951.851851851852
"5446","2280C1110",1.67,1960,1173.65269461078
"5447","2280C1120",6.14,1398,227.687296416938
"5448","2281A0010",252.32,2261,8.96084337349398
"5449","2281A0020",482.81,1790,3.70746256291295
"5450","2281A0030",56.91,1301,22.8606571780004
"5451","2281A0040",607.72,1460,2.40242216810373
"5452","2281A0050",147.14,1408,9.56911784694848
"5453","2281A0060",48.53,1406,28.971770039151
"5454","2281A0070",208.08,1692,8.13148788927336
"5455","2281A0080",285.27,1719,6.02587022820486
"5456","2281A0090",901.34,1075,1.1926686932789
"5457","2281B2010",5.8,1170,201.724137931034
"5458","2281B2020",6.62,1693,255.740181268882
"5459","2281B2030",12.6,1718,136.349206349206
"5460","2281B2040",4.77,1590,333.333333333333
"5461","2281B2050",0.51,1128,2211.76470588235
"5462","2281B2060",9.14,996,108.971553610503
"5463","2281B2070",3.97,1004,252.896725440806
"5464","2281B2080",4.73,2417,510.993657505285
"5465","2281B3010",7.41,678,91.497975708502
"5466","2281B3020",13.11,1470,112.128146453089
"5467","2281B3030",7.5,1429,190.533333333333
"5468","2281B3040",1.84,1241,674.45652173913
"5469","2281B4010",16.17,1426,88.1880024737168
"5470","2281C1010",4.82,2442,506.639004149378
"5471","2281C1020",3.78,2043,540.47619047619
"5472","2281C1030",1.95,2204,1130.25641025641
"5473","2281C1040",1.65,1970,1193.93939393939
"5474","2281C1050",0.56,1778,3175
"5475","2281C1060",8.01,1418,177.028714107366
"5476","2281C1070",2.18,2368,1086.23853211009
"5477","2281C1080",0.46,1426,3100
"5478","2281C1090",0.34,1161,3414.70588235294
"5479","2281C1100",0.29,2248,7751.72413793104
"5480","2281C1110",0.29,1281,4417.24137931035
"5481","2281C1120",0.33,1613,4887.87878787879
"5482","2281C1130",1.13,3554,3145.13274336283
"5483","2281C1140",0.72,2132,2961.11111111111
"5484","2281C1150",0.79,1904,2410.12658227848
"5485","2281C1160",2.83,1645,581.272084805654
"5486","2281C1170",0.41,1975,4817.07317073171
"5487","2281C1180",2.5,1457,582.8
"5488","2281C1190",0.62,1249,2014.51612903226
"5489","2281C1200",1.33,1269,954.135338345865
"5490","2281C1210",1.1,1711,1555.45454545455
"5491","2281C1220",1.31,2291,1748.85496183206
"5492","2281C1230",0.98,1851,1888.77551020408
"5493","2281C1240",7.11,1549,217.862165963432
"5494","2281C1250",11.85,1109,93.5864978902954
"5495","2281C1260",1.17,1437,1228.20512820513
"5496","2281C1270",1.22,1649,1351.6393442623
"5497","2281C1280",2.5,1869,747.6
"5498","2281C1290",6.09,2120,348.111658456486
"5499","2281C1300",3.22,2448,760.248447204969
"5500","2281C1310",0.61,2632,4314.75409836066
"5501","2281C1320",1.85,2202,1190.27027027027
"5502","2281C1330",3.57,2321,650.140056022409
"5503","2281C1340",10.16,1162,114.370078740157
"5504","2281C1350",13.37,1906,142.557965594615
"5505","2281C1360",3.78,1747,462.169312169312
"5506","2282A0010",232.18,1531,6.59402187957619
"5507","2282A0020",200.13,1259,6.29091090790986
"5508","2282A0030",536.92,1584,2.95016017283767
"5509","2282A0040",310.97,1655,5.32205679004405
"5510","2282A0050",160.63,1110,6.91029073024964
"5511","2282A0060",203.45,797,3.91742442860654
"5512","2282B2010",8.44,906,107.345971563981
"5513","2282B2020",5.68,873,153.697183098592
"5514","2282B3010",11.89,1204,101.261564339781
"5515","2282C1010",9.72,1812,186.41975308642
"5516","2282C1020",4.06,1777,437.684729064039
"5517","2282C1030",1.86,1986,1067.74193548387
"5518","2282C1040",5.47,1137,207.861060329068
"5519","2283A0010",506.9,1076,2.12270664825409
"5520","2283A0020",385.49,813,2.10900412462061
"5521","2283A0030",321.44,801,2.49191139870582
"5522","2283A0040",908.19,1122,1.23542430548674
"5523","2283A0050",687.84,1244,1.80856013026285
"5524","2283A0060",486.39,1034,2.12586607454923
"5525","2283A0070",903.81,1280,1.41622686184043
"5526","2283A0080",1163.3,1180,1.01435571219806
"5527","2283B2010",10.73,1597,148.83504193849
"5528","2283C1010",6.03,1182,196.019900497512
"5529","2283C1020",4.54,1323,291.409691629956
"5530","2283C1030",0.98,1557,1588.77551020408
"5531","2283C1040",0.91,1644,1806.59340659341
"5532","2283C1050",6.37,1418,222.605965463108
"5533","2283C1060",6.91,1252,181.186685962373
"5534","2284A0010",333.68,1841,5.51726204747063
"5535","2284A0020",48.48,781,16.1097359735974
"5536","2284A0030",429.2,1829,4.2614165890028
"5537","2284A0040",148,1156,7.81081081081081
"5538","2284A0050",303.83,1342,4.41694368561367
"5539","2284A0060",255.08,1509,5.91579112435314
"5540","2284A0070",182.32,1224,6.71347082053532
"5541","2284A0080",100,977,9.77
"5542","2284A0090",436.35,1082,2.47966082273404
"5543","2284A0100",2863.03,1892,0.660838342595083
"5544","2284A0110",1143.22,1768,1.54650898339777
"5545","2284B2010",16.97,1289,75.957572186211
"5546","2284B2020",10.44,2214,212.068965517241
"5547","2284B3010",9.08,1497,164.867841409692
"5548","2284B4010",8.91,1188,133.333333333333
"5549","2284C1010",1.48,1178,795.945945945946
"5550","2284C1020",4.04,1285,318.069306930693
"5551","2284C1030",2.92,1641,561.986301369863
"5552","2284C1040",5.5,1672,304
"5553","2284C1050",6.26,2193,350.319488817891
"5554","2284C1060",5.1,1930,378.43137254902
"5555","2284C1070",2.56,1268,495.3125
"5556","2284C1080",2.06,1648,800
"5557","2284C1090",8.97,1110,123.745819397993
"5558","2284C1100",1.01,2093,2072.27722772277
"5559","2284C1110",1.25,1714,1371.2
"5560","2284C1120",0.28,1235,4410.71428571429
"5561","2284C1130",4.43,1880,424.379232505643
"5562","2284C1140",0.94,1177,1252.12765957447
"5563","2284C1150",0.9,1610,1788.88888888889
"5564","2284C1160",4.74,1992,420.253164556962
"5565","2284C1170",0.96,1240,1291.66666666667
"5566","2284C1180",3.34,1498,448.502994011976
"5567","2284C1190",4.06,1453,357.881773399015
"5568","2284C1200",10.02,1516,151.297405189621
"5569","2284C1210",14.4,1197,83.125
"5570","2284C1220",2.73,1359,497.802197802198
"5571","2303A0010",475.41,1126,2.36848194190278
"5572","2303A0020",716.17,1343,1.87525308236871
"5573","2303A0030",1308.22,1516,1.15882649707236
"5574","2303C1010",11.12,1150,103.41726618705
"5575","2305A0010",1431.01,926,0.647095408138308
"5576","2305A0020",325.84,1240,3.80554873557574
"5577","2305A0030",1160.08,1186,1.02234328666988
"5578","2305A0040",485.05,1247,2.57086898257912
"5579","2305C1010",6.14,1500,244.299674267101
"5580","2309A0010",183.41,1380,7.52412627446704
"5581","2309A0020",256.83,1113,4.33360588716272
"5582","2309A0030",538.75,1723,3.19814385150812
"5583","2309A0040",1949.67,2063,1.05812778572784
"5584","2309A0050",3223.39,1520,0.471553240532483
"5585","2309B2010",5.25,1568,298.666666666667
"5586","2309B2020",9.43,1798,190.668080593849
"5587","2309B3010",8.88,1274,143.468468468468
"5588","2309C1010",9.65,1278,132.435233160622
"5589","2309C1020",4.54,1878,413.656387665198
"5590","2313A0010",2026.87,1660,0.818996778283758
"5591","2313A0020",1635.3,2047,1.25175808720113
"5592","2313A0030",3080.04,1639,0.532135946286412
"5593","2313A0040",3646.92,758,0.207846621258487
"5594","2313B2010",10.56,1104,104.545454545455
"5595","2313C1010",4.66,1832,393.1330472103
"5596","2313C1020",2.62,1039,396.564885496183
"5597","2313C1030",5.87,1034,176.149914821124
"5598","2321A0010",591.92,1166,1.96986079199892
"5599","2321A0020",2111.45,1832,0.867650192995335
"5600","2321A0030",509.29,1881,3.69337705433054
"5601","2321A0040",3956.99,1303,0.329290698232748
"5602","2321B2010",17.15,2401,140
"5603","2321B2020",15.65,2154,137.635782747604
"5604","2321C1010",7.88,1727,219.162436548223
"5605","2326A0010",1058.65,1076,1.01638879705285
"5606","2326A0020",596.14,1118,1.87539839634985
"5607","2326A0030",2419.62,912,0.376918689711608
"5608","2326A0040",298.47,1150,3.85298354943545
"5609","2326A0050",1352.38,1792,1.32507135568405
"5610","2326C1010",7.1,1092,153.802816901408
"5611","2361A0010",3526.11,1249,0.354214701186293
"5612","2361A0020",1759.16,973,0.55310489097069
"5613","2361A0030",3779.88,1739,0.460067515370858
"5614","2361A0040",2179.56,1236,0.567086934977702
"5615","2361B2010",13.21,963,72.8993186979561
"5616","2361B3010",10.43,1126,107.957813998082
"5617","2361C1010",8.75,1420,162.285714285714
"5618","2361C1020",3.87,1439,371.834625322997
"5619","2380A0010",278.84,2354,8.4421173432793
"5620","2380A0020",86.65,1676,19.3421811886901
"5621","2380A0030",94.49,1465,15.5042861678485
"5622","2380A0040",1142.83,2417,2.1149252294742
"5623","2380A0050",479.03,1161,2.42364778823873
"5624","2380B2010",5.07,1267,249.901380670611
"5625","2380C1010",3.09,1774,574.11003236246
"5626","2380C1020",8.57,1126,131.388564760793
"5627","2380C1030",6.2,1466,236.451612903226
"5628","2380C1040",11.45,2902,253.449781659389
"5629","2380C1050",1.36,2168,1594.11764705882
"5630","2380C1060",0.75,2199,2932
"5631","2380C1070",1.21,1001,827.272727272727
"5632","2380C1080",0.96,1762,1835.41666666667
"5633","2380C1090",2.59,1912,738.223938223938
"5634","2380C1100",1.03,2082,2021.35922330097
"5635","2380C1110",4.14,1655,399.75845410628
"5636","2380C1120",1.12,2017,1800.89285714286
"5637","2380C1130",0.55,1435,2609.09090909091
"5638","2380C1140",2.78,2269,816.187050359712
"5639","2380C1150",0.33,1405,4257.57575757576
"5640","2380C1160",0.26,1599,6150
"5641","2380C1170",0.23,1809,7865.21739130435
"5642","2380C1180",18.79,2322,123.576370409792
"5643","2380C1190",0.44,1511,3434.09090909091
"5644","2380C1200",0.4,1570,3925
"5645","2380C1210",1.26,1607,1275.39682539683
"5646","2380C1220",0.35,1348,3851.42857142857
"5647","2380C1230",0.48,1317,2743.75
"5648","2380C1240",18.18,1535,84.4334433443344
"5649","2380C1250",0.31,1320,4258.06451612903
"5650","2380C1260",2.16,1734,802.777777777778
"5651","2380C1270",0.67,2160,3223.88059701493
"5652","2380C1280",1.45,1610,1110.34482758621
"5653","2380C1290",3.73,2863,767.560321715818
"5654","2380C1300",2.01,1548,770.149253731343
"5655","2380C1310",1.98,1515,765.151515151515
"5656","2401A0010",582.95,1563,2.68119049661206
"5657","2401A0020",623.03,1400,2.24708280500136
"5658","2401B2010",14.2,1369,96.4084507042254
"5659","2401C1010",5.59,716,128.085867620751
"5660","2401C1020",4.75,1985,417.894736842105
"5661","2403A0010",1299.59,1352,1.04032810347879
"5662","2403C1010",7.28,996,136.813186813187
"5663","2404A0010",781.67,1286,1.64519554287615
"5664","2404A0020",1845.07,1596,0.865007831681183
"5665","2404C1010",9.28,2579,277.909482758621
"5666","2409A0010",365.53,1955,5.34839821628868
"5667","2409A0020",535.87,1284,2.3961035325732
"5668","2409A0030",383.19,1556,4.06064876432057
"5669","2409C1010",7.22,1945,269.390581717452
"5670","2417A0010",1730,1916,1.10751445086705
"5671","2417C1010",9.15,2008,219.453551912568
"5672","2418A0010",1590.71,961,0.60413274575504
"5673","2418C1010",3.64,989,271.703296703297
"5674","2418C1020",3.85,1040,270.12987012987
"5675","2421A0010",3919.33,2029,0.517690523635417
"5676","2421A0020",3370.28,1495,0.443583322453921
"5677","2421C1010",5,1248,249.6
"5678","2421C1020",3.36,849,252.678571428571
"5679","2422A0010",7359.18,1271,0.172709459477822
"5680","2422C1010",7.82,1116,142.710997442455
"5681","2425A0010",2755.86,1082,0.39261791237581
"5682","2425C1010",8.56,1257,146.845794392523
"5683","2460A0010",509.87,2489,4.8816364955773
"5684","2460C1010",4.58,2089,456.113537117904
"5685","2460C1020",4.68,1099,234.82905982906
"5686","2460C1030",1.6,1425,890.625
"5687","2460C1040",8.78,1957,222.892938496583
"5688","2462A0010",2035,1093,0.537100737100737
"5689","2462A0020",6003.41,1923,0.320317952630255
"5690","2462C1010",4.32,955,221.064814814815
"5691","2462C1020",2.21,1610,728.506787330317
"5692","2462C1030",2.17,682,314.285714285714
"5693","2463A0010",4217.35,967,0.229290905426393
"5694","2463C1010",6.19,1751,282.875605815832
"5695","2480A0010",276.38,2124,7.68507127867429
"5696","2480A0020",109.04,1695,15.5447542186354
"5697","2480A0030",79.52,1759,22.1202213279678
"5698","2480A0040",151.51,2213,14.6062966140849
"5699","2480A0050",319.66,1265,3.95732966276669
"5700","2480A0060",178.21,2606,14.6231973514393
"5701","2480A0070",222.62,1673,7.5150480639655
"5702","2480A0080",368.09,2523,6.85430193702627
"5703","2480A0090",469.1,1304,2.77979108931997
"5704","2480B2010",5.79,2196,379.274611398964
"5705","2480B2020",1.6,1980,1237.5
"5706","2480B2030",8.6,2172,252.558139534884
"5707","2480B2040",3.26,1971,604.601226993865
"5708","2480B3010",8.51,1592,187.074030552291
"5709","2480B3020",3.96,1526,385.353535353535
"5710","2480B4010",5.12,1347,263.0859375
"5711","2480B4020",2.89,1318,456.055363321799
"5712","2480B5010",6.18,1405,227.346278317152
"5713","2480C1010",12.11,1392,114.94632535095
"5714","2480C1020",2.5,2263,905.2
"5715","2480C1030",6.16,2310,375
"5716","2480C1040",9.69,2552,263.364293085655
"5717","2480C1050",1.35,1889,1399.25925925926
"5718","2480C1060",0.78,1890,2423.07692307692
"5719","2480C1070",0.25,1799,7196
"5720","2480C1080",2.37,2476,1044.72573839662
"5721","2480C1090",1.45,3923,2705.51724137931
"5722","2480C1100",7.66,2495,325.718015665796
"5723","2480C1110",0.2,2055,10275
"5724","2480C1120",0.28,2792,9971.42857142857
"5725","2480C1130",1.09,1921,1762.38532110092
"5726","2480C1140",0.35,2128,6080
"5727","2480C1150",1.01,1765,1747.52475247525
"5728","2480C1160",1.26,2380,1888.88888888889
"5729","2480C1170",0.57,2192,3845.61403508772
"5730","2480C1180",1.37,1898,1385.40145985401
"5731","2480C1190",0.29,1967,6782.75862068966
"5732","2480C1200",0.73,1721,2357.53424657534
"5733","2480C1210",0.39,1771,4541.02564102564
"5734","2480C1220",0.51,1965,3852.94117647059
"5735","2480C1230",0.4,2028,5070
"5736","2480C1240",0.18,1097,6094.44444444444
"5737","2480C1250",0.23,1642,7139.13043478261
"5738","2480C1260",1.13,2083,1843.36283185841
"5739","2480C1270",0.14,1203,8592.85714285714
"5740","2480C1280",0.53,2569,4847.16981132075
"5741","2480C1290",0.67,1496,2232.83582089552
"5742","2480C1300",0.69,2162,3133.33333333333
"5743","2480C1310",0.95,1829,1925.26315789474
"5744","2480C1320",0.25,1436,5744
"5745","2480C1330",0.59,1615,2737.28813559322
"5746","2480C1340",0.33,2083,6312.12121212121
"5747","2480C1350",2.25,1525,677.777777777778
"5748","2480C1360",2.64,1293,489.772727272727
"5749","2480C1370",0.43,1649,3834.88372093023
"5750","2480C1380",2.05,2369,1155.60975609756
"5751","2480C1390",0.52,1038,1996.15384615385
"5752","2480C1400",0.72,2071,2876.38888888889
"5753","2480C1410",1.41,1516,1075.17730496454
"5754","2480C1420",0.5,1171,2342
"5755","2480C1430",0.24,1959,8162.5
"5756","2480C1440",2.3,2410,1047.82608695652
"5757","2480C1450",7.17,1952,272.245467224547
"5758","2480C1460",0.45,1590,3533.33333333333
"5759","2480C1470",1.39,1472,1058.9928057554
"5760","2480C1480",1.15,1150,1000
"5761","2480C1490",1.13,2189,1937.16814159292
"5762","2480C1500",4.43,2299,518.961625282167
"5763","2480C1510",1.85,2419,1307.56756756757
"5764","2480C1520",6.43,1563,243.079315707621
"5765","2481A0010",1601.56,856,0.534478883088988
"5766","2481A0020",2667.88,1948,0.730167773662983
"5767","2481A0030",1230.52,772,0.62737704385138
"5768","2481C1010",2.89,1240,429.065743944637
"5769","2481C1020",3.83,1947,508.355091383812
"5770","2481C1030",3.28,1678,511.585365853659
"5771","2481C1040",5.95,1836,308.571428571429
"5772","2481C1050",2.55,1936,759.21568627451
"5773","2482A0010",138.4,1115,8.05635838150289
"5774","2482A0020",393.32,972,2.47127021254958
"5775","2482A0030",387.27,1162,3.00049061378367
"5776","2482A0040",1416.75,1269,0.89571201694018
"5777","2482A0050",176.44,1531,8.67717070958966
"5778","2482A0060",317.75,1573,4.95043273013375
"5779","2482A0070",379.36,1137,2.99715309995782
"5780","2482A0080",296.15,1723,5.81799763633294
"5781","2482A0090",387.71,1444,3.72443321038921
"5782","2482A0100",215.02,1865,8.67361175704586
"5783","2482A0110",862.35,1466,1.70000579810982
"5784","2482A0120",1681.6,1201,0.714200761179829
"5785","2482B2010",4.36,1016,233.02752293578
"5786","2482B2020",5.32,1746,328.195488721805
"5787","2482B2030",6.8,857,126.029411764706
"5788","2482B3010",7.46,1158,155.227882037534
"5789","2482B3020",5.67,1454,256.437389770723
"5790","2482B4010",11.57,1789,154.624027657736
"5791","2482B5010",6,1618,269.666666666667
"5792","2482B6010",5.81,1643,282.788296041308
"5793","2482C1010",5.04,1753,347.81746031746
"5794","2482C1020",6.96,1625,233.477011494253
"5795","2482C1030",2.24,1558,695.535714285714
"5796","2482C1040",2.15,1416,658.604651162791
"5797","2482C1050",3.67,1443,393.188010899183
"5798","2482C1060",11.96,2288,191.304347826087
"5799","2482C1070",2.79,1317,472.043010752688
"5800","2482C1080",16.71,1292,77.3189706762418
"5801","2482C1090",2.3,1577,685.652173913043
"5802","2482C1100",6.26,1572,251.11821086262
"5803","2482C1110",1.83,1731,945.901639344262
"5804","2482C1120",1.3,2036,1566.15384615385
"5805","2482C1130",0.49,1397,2851.02040816327
"5806","2482C1140",4.23,1554,367.375886524823
"5807","2482C1150",0.42,1842,4385.71428571429
"5808","2482C1160",0.31,1298,4187.09677419355
"5809","2482C1170",0.37,1317,3559.45945945946
"5810","2482C1180",1.34,1851,1381.34328358209
"5811","2482C1190",0.34,1788,5258.82352941176
"5812","2482C1200",1.37,1820,1328.46715328467
"5813","2482C1210",0.81,1601,1976.54320987654
"5814","2482C1220",0.65,1659,2552.30769230769
"5815","2482C1230",0.35,1251,3574.28571428571
"5816","2482C1240",0.45,1536,3413.33333333333
"5817","2482C1250",1.09,1407,1290.82568807339
"5818","2482C1260",0.89,1300,1460.67415730337
"5819","2482C1270",1.33,2019,1518.04511278195
"5820","2482C1280",3.02,1777,588.41059602649
"5821","2482C1290",3.43,2548,742.857142857143
"5822","2482C1300",7.3,1230,168.493150684932
"5823","2505A0010",5643.47,1636,0.289892566098517
"5824","2505C1010",5.72,1357,237.237762237762
"5825","2505C1020",4.03,1552,385.111662531017
"5826","2505C1030",1.87,1568,838.502673796791
"5827","2506A0010",12548.94,978,0.0779348693993278
"5828","2506C1010",7.97,1631,204.642409033877
"5829","2510A0010",1574.56,868,0.551265115333808
"5830","2510A0020",16017.35,1149,0.0717347126709474
"5831","2510C1010",5.64,1195,211.879432624113
"5832","2510C1020",3.63,1516,417.63085399449
"5833","2513A0010",2751.98,1687,0.613013175967849
"5834","2513C1010",8.94,1475,164.988814317673
"5835","2514A0010",107.86,1369,12.6923790098276
"5836","2514A0020",277.45,1464,5.27662641917463
"5837","2514A0030",381.54,1029,2.69696493159302
"5838","2514A0040",1001.23,1319,1.31737962306363
"5839","2514B2010",9.2,1000,108.695652173913
"5840","2514C1010",4.92,1005,204.268292682927
"5841","2514C1020",6.54,1051,160.703363914373
"5842","2514C1030",5.79,2016,348.186528497409
"5843","2514C1040",1.09,1866,1711.92660550459
"5844","2514C1050",1.36,1756,1291.17647058824
"5845","2514C1060",5.81,1672,287.779690189329
"5846","2518A0010",861,785,0.911730545876887
"5847","2518A0020",713.04,854,1.19768876921351
"5848","2518A0030",778.3,774,0.994475138121547
"5849","2518C1010",8.03,1675,208.592777085928
"5850","2521A0010",1206.71,796,0.659644819384939
"5851","2521A0020",1925.84,784,0.40709508578075
"5852","2521A0030",962.73,889,0.92341570326052
"5853","2521A0040",3733.42,1436,0.384633928140954
"5854","2521C1010",8.94,1966,219.910514541387
"5855","2523A0010",3517.06,912,0.259307489778394
"5856","2523A0020",2002.78,919,0.458862181567621
"5857","2523A0030",10137.47,1858,0.183280443739908
"5858","2523B2010",5.57,1227,220.287253141831
"5859","2523C1010",4.05,2670,659.259259259259
"5860","2523C1020",4.19,1951,465.63245823389
"5861","2523C1030",0.44,2191,4979.54545454545
"5862","2523C1040",3.55,1878,529.014084507042
"5863","2523C1050",3.86,1442,373.575129533679
"5864","2523C1060",2.26,1447,640.265486725664
"5865","2523C1070",4.11,243,59.1240875912409
"5866","2523C1080",6.5,592,91.0769230769231
"5867","2560A0010",504.92,1287,2.54891864057673
"5868","2560A0020",1176.25,1507,1.28119022316684
"5869","2560C1010",2.98,1190,399.328859060403
"5870","2560C1020",7.14,1657,232.072829131653
"5871","2560C1030",7.73,2142,277.102199223803
"5872","2580A0010",290.5,1240,4.26850258175559
"5873","2580A0020",62.52,977,15.6269993602047
"5874","2580A0030",102.11,1275,12.48653412986
"5875","2580A0040",169.87,1993,11.7325013245423
"5876","2580A0050",160.53,1488,9.26929545879275
"5877","2580A0060",132.13,1871,14.1602966775146
"5878","2580A0070",196.45,1613,8.21074064647493
"5879","2580A0080",875.81,1951,2.2276521163266
"5880","2580B2010",8.57,2036,237.57292882147
"5881","2580B3010",5.73,913,159.336823734729
"5882","2580B3020",8.13,795,97.7859778597786
"5883","2580C1010",9.01,1539,170.810210876804
"5884","2580C1020",3.85,1608,417.662337662338
"5885","2580C1030",3.15,2137,678.412698412698
"5886","2580C1040",0.62,1417,2285.48387096774
"5887","2580C1050",0.29,2123,7320.68965517241
"5888","2580C1060",3.96,1680,424.242424242424
"5889","2580C1070",0.33,2095,6348.48484848485
"5890","2580C1080",0.17,1768,10400
"5891","2580C1090",0.7,1459,2084.28571428571
"5892","2580C1100",0.48,1182,2462.5
"5893","2580C1110",0.47,1719,3657.44680851064
"5894","2580C1120",0.85,2041,2401.17647058824
"5895","2580C1130",0.56,1261,2251.78571428571
"5896","2580C1140",0.56,1532,2735.71428571429
"5897","2580C1150",1.12,1728,1542.85714285714
"5898","2580C1160",0.89,1904,2139.32584269663
"5899","2580C1170",0.58,1652,2848.27586206897
"5900","2580C1180",2.64,2117,801.893939393939
"5901","2580C1190",2.62,3313,1264.50381679389
"5902","2580C1200",0.72,1580,2194.44444444444
"5903","2580C1210",0.72,1835,2548.61111111111
"5904","2580C1220",0.4,2234,5585
"5905","2580C1230",2.28,1931,846.929824561404
"5906","2580C1240",5.9,1072,181.694915254237
"5907","2580C1250",1.14,1244,1091.22807017544
"5908","2580C1260",6.97,1129,161.979913916786
"5909","2580C1270",0.51,1974,3870.58823529412
"5910","2580C1280",0.79,1955,2474.6835443038
"5911","2580C1290",5.13,3265,636.4522417154
"5912","2580C1300",2.6,1998,768.461538461538
"5913","2580C1310",1.7,1797,1057.05882352941
"5914","2580C1320",2.85,1845,647.368421052632
"5915","2580C1330",4.82,1830,379.668049792531
"5916","2580C1340",1.96,1985,1012.75510204082
"5917","2580C1350",4.73,1251,264.482029598309
"5918","2581A0010",127.64,1234,9.66781573174553
"5919","2581A0020",167.7,1236,7.37030411449016
"5920","2581A0030",138.37,1449,10.4719231047192
"5921","2581A0040",283.55,1291,4.55298889084817
"5922","2581A0050",1762.24,1013,0.574836571636099
"5923","2581A0060",154.45,1267,8.20330203949498
"5924","2581A0070",355.45,1732,4.87269658179772
"5925","2581B2010",8.17,900,110.15911872705
"5926","2581B2020",4.96,1009,203.427419354839
"5927","2581B3010",11.08,1886,170.216606498195
"5928","2581B4010",16.45,1330,80.8510638297872
"5929","2581C1010",9.24,1977,213.961038961039
"5930","2581C1020",5.62,1448,257.651245551601
"5931","2581C1030",2.05,1115,543.90243902439
"5932","2581C1040",2.15,1147,533.488372093023
"5933","2581C1050",1.97,1428,724.873096446701
"5934","2581C1060",4.77,1420,297.69392033543
"5935","2581C1070",4.54,1269,279.515418502203
"5936","2581C1080",0.17,1648,9694.11764705882
"5937","2581C1090",0.57,2584,4533.33333333333
"5938","2581C1100",1.32,1829,1385.60606060606
"5939","2581C1110",3.65,1868,511.780821917808
"5940","2581C1120",1.98,1668,842.424242424242
"5941","2581C1130",2.31,1758,761.038961038961
"5942","2581C1140",2.91,1705,585.910652920962
"5943","2581C1150",3.47,2262,651.873198847262
"5944","2581C1160",3.49,1240,355.300859598854
"5945","2581C1170",7.03,1631,232.005689900427
"5946","2582A0010",836.92,2033,2.42914496009177
"5947","2582A0020",1607.71,1738,1.08104073495842
"5948","2582A0030",1507.24,1264,0.838618932618561
"5949","2582B2010",7.12,2175,305.477528089888
"5950","2582B2020",3.71,1376,370.88948787062
"5951","2582C1010",6.16,1845,299.512987012987
"5952","2582C1020",5.84,981,167.979452054795
"5953","2582C1030",3.67,1057,288.010899182561
"5954","2582C1040",1.43,1801,1259.44055944056
"5955","2582C1050",1.78,1863,1046.62921348315
"5956","2582C1060",0.74,1127,1522.97297297297
"5957","2582C1070",0.16,1316,8225
"5958","2582C1080",20.82,2587,124.255523535062
"5959","2582C1090",2.38,1261,529.831932773109
"5960","2582C1100",0.61,1477,2421.31147540984
"5961","2582C1110",2.6,1310,503.846153846154
"5962","2582C1120",0.85,1513,1780
"5963","2582C1130",3.97,1219,307.052896725441
"5964","2583A0010",453.33,1978,4.36326737696601
"5965","2583A0020",454.98,862,1.89458877313288
"5966","2583C1010",4.03,765,189.826302729529
"5967","2583C1020",1.05,1577,1501.90476190476
"5968","2583C1030",1.59,2245,1411.94968553459
"5969","2583C1040",10.37,1750,168.756027000964
"5970","2584A0010",3404.91,1440,0.422918667453765
"5971","2584A0020",1147.49,1603,1.39696206502889
"5972","2584A0030",5933.79,1000,0.168526354994026
"5973","2584A0040",8644.92,1097,0.126895332750332
"5974","2584C1010",1.07,1591,1486.91588785047
"5975","2584C1020",2.64,2217,839.772727272727
"5976","2584C1030",1.23,1609,1308.13008130081
"5977","2584C1040",0.47,1081,2300
"5978","2584C1050",3.85,1350,350.649350649351
"5979","2584C1060",0.46,1214,2639.13043478261
"5980","2584C1070",7.85,2703,344.331210191083
"5981","2584C1090",1.33,1885,1417.29323308271
"5982","2584C1100",0.99,1068,1078.78787878788
"5983","2584C1110",0.95,1179,1241.05263157895
"5984","2584C1130",2.62,1396,532.824427480916
